Discount Rate,CAPEX ($/kW),Capacity Factor (%),Economic Life (Years),Capital Recovery Factor,Fixed O&M Cost Fraction,Variable O&M Cost ($/MWh),LCOE ($/MWh),Technology
0.0007000000000000001,2284.6078357263254,30,25,0.08581051722066561,0.0254,0,96.67900268550612,WON-357
0.0007000000000000001,2284.6078357263254,30,30,0.0805864035111112,0.0254,0,92.13750682722099,WON-357
0.0007000000000000001,2284.6078357263254,35,25,0.08581051722066561,0.0254,0,82.86771658757668,WON-357
0.0007000000000000001,2284.6078357263254,35,30,0.0805864035111112,0.0254,0,78.9750058519037,WON-357
0.0007000000000000001,2284.6078357263254,45,25,0.08581051722066561,0.0254,0,64.4526684570041,WON-357
0.0007000000000000001,2284.6078357263254,45,30,0.0805864035111112,0.0254,0,61.42500455148066,WON-357
0.0007000000000000001,1692.3039178631627,25,25,0.08581051722066561,0.0254,0,85.93698356169914,WON-357
0.0007000000000000001,1692.3039178631627,25,30,0.0805864035111112,0.0254,0,81.9000940192144,WON-357
0.0007000000000000001,1692.3039178631627,30,25,0.08581051722066561,0.0254,0,71.61415296808262,WON-357
0.0007000000000000001,1692.3039178631627,30,30,0.0805864035111112,0.0254,0,68.25007834934533,WON-357
0.0007000000000000001,1692.3039178631627,35,25,0.08581051722066561,0.0254,0,61.38355968692796,WON-357
0.0007000000000000001,1692.3039178631627,35,30,0.0805864035111112,0.0254,0,58.500067156581714,WON-357
0.0007000000000000001,1100.0,25,25,0.08581051722066561,0.0254,0,55.85916390079094,WON-357
0.0007000000000000001,1100.0,25,30,0.0805864035111112,0.0254,0,53.23517984576361,WON-357
0.0007000000000000001,1100.0,30,25,0.08581051722066561,0.0254,0,46.549303250659115,WON-357
0.0007000000000000001,1100.0,30,30,0.0805864035111112,0.0254,0,44.36264987146967,WON-357
0.0007000000000000001,1100.0,35,25,0.08581051722066561,0.0254,0,39.899402786279246,WON-357
0.0007000000000000001,1100.0,35,30,0.0805864035111112,0.0254,0,38.025128461259726,WON-357
0.0005,2284.6078357263254,30,25,0.07095245729922962,0.0254,0,83.76239685590036,WON-357
0.0005,2284.6078357263254,30,30,0.06505143508027658,0.0254,0,78.63244190909091,WON-357
0.0005,2284.6078357263254,35,25,0.07095245729922962,0.0254,0,71.79634016220032,WON-357
0.0005,2284.6078357263254,35,30,0.06505143508027658,0.0254,0,67.39923592207793,WON-357
0.0005,2284.6078357263254,45,25,0.07095245729922962,0.0254,0,55.84159790393358,WON-357
0.0005,2284.6078357263254,45,30,0.06505143508027658,0.0254,0,52.42162793939394,WON-357
0.0005,1692.3039178631627,25,25,0.07095245729922962,0.0254,0,74.45554382795862,WON-357
0.0005,1692.3039178631627,25,30,0.06505143508027658,0.0254,0,69.89557897840072,WON-357
0.0005,1692.3039178631627,30,25,0.07095245729922962,0.0254,0,62.04628652329884,WON-357
0.0005,1692.3039178631627,30,30,0.06505143508027658,0.0254,0,58.24631581533393,WON-357
0.0005,1692.3039178631627,35,25,0.07095245729922962,0.0254,0,53.182531305684726,WON-357
0.0005,1692.3039178631627,35,30,0.06505143508027658,0.0254,0,49.925413556000514,WON-357
0.0005,1100.0,25,25,0.07095245729922962,0.0254,0,48.3962114288368,WON-357
0.0005,1100.0,25,30,0.06505143508027658,0.0254,0,45.43222766589235,WON-357
0.0005,1100.0,30,25,0.07095245729922962,0.0254,0,40.33017619069733,WON-357
0.0005,1100.0,30,30,0.06505143508027658,0.0254,0,37.86018972157696,WON-357
0.0005,1100.0,35,25,0.07095245729922962,0.0254,0,34.568722449169144,WON-357
0.0005,1100.0,35,30,0.06505143508027658,0.0254,0,32.45159118992311,WON-357
0.0003,2284.6078357263254,30,25,0.05742787103912782,0.0254,0,72.00502404586034,WON-357
0.0003,2284.6078357263254,30,30,0.0510192593202526,0.0254,0,66.43380465884744,WON-357
0.0003,2284.6078357263254,35,25,0.05742787103912782,0.0254,0,61.71859203930887,WON-357
0.0003,2284.6078357263254,35,30,0.0510192593202526,0.0254,0,56.94326113615496,WON-357
0.0003,2284.6078357263254,45,25,0.05742787103912782,0.0254,0,48.00334936390689,WON-357
0.0003,2284.6078357263254,45,30,0.0510192593202526,0.0254,0,44.2892031058983,WON-357
0.0003,1692.3039178631627,25,25,0.05742787103912782,0.0254,0,64.00453455149808,WON-357
0.0003,1692.3039178631627,25,30,0.0510192593202526,0.0254,0,59.05233422276917,WON-357
0.0003,1692.3039178631627,30,25,0.05742787103912782,0.0254,0,53.33711212624839,WON-357
0.0003,1692.3039178631627,30,30,0.0510192593202526,0.0254,0,49.2102785189743,WON-357
0.0003,1692.3039178631627,35,25,0.05742787103912782,0.0254,0,45.717524679641485,WON-357
0.0003,1692.3039178631627,35,30,0.0510192593202526,0.0254,0,42.180238730549405,WON-357
0.0003,1100.0,25,25,0.05742787103912782,0.0254,0,41.60304024796374,WON-357
0.0003,1100.0,25,30,0.0510192593202526,0.0254,0,38.384102854921395,WON-357
0.0003,1100.0,30,25,0.05742787103912782,0.0254,0,34.669200206636454,WON-357
0.0003,1100.0,30,30,0.0510192593202526,0.0254,0,31.98675237910116,WON-357
0.0003,1100.0,35,25,0.05742787103912782,0.0254,0,29.716457319974104,WON-357
0.0003,1100.0,35,30,0.0510192593202526,0.0254,0,27.417216324943855,WON-357
0.0007000000000000001,2284.6078357263254,30,25,0.08581051722066561,0.0273,0,98.33073590007236,WON-357
0.0007000000000000001,2284.6078357263254,30,30,0.0805864035111112,0.0273,0,93.78924004178721,WON-357
0.0007000000000000001,2284.6078357263254,35,25,0.08581051722066561,0.0273,0,84.28348791434775,WON-357
0.0007000000000000001,2284.6078357263254,35,30,0.0805864035111112,0.0273,0,80.39077717867477,WON-357
0.0007000000000000001,2284.6078357263254,45,25,0.08581051722066561,0.0273,0,65.55382393338158,WON-357
0.0007000000000000001,2284.6078357263254,45,30,0.0805864035111112,0.0273,0,62.52616002785815,WON-357
0.0007000000000000001,1692.3039178631627,25,25,0.08581051722066561,0.0273,0,87.40519244021058,WON-357
0.0007000000000000001,1692.3039178631627,25,30,0.0805864035111112,0.0273,0,83.36830289772583,WON-357
0.0007000000000000001,1692.3039178631627,30,25,0.08581051722066561,0.0273,0,72.83766036684214,WON-357
0.0007000000000000001,1692.3039178631627,30,30,0.0805864035111112,0.0273,0,69.47358574810485,WON-357
0.0007000000000000001,1692.3039178631627,35,25,0.08581051722066561,0.0273,0,62.43228031443613,WON-357
0.0007000000000000001,1692.3039178631627,35,30,0.0805864035111112,0.0273,0,59.54878778408988,WON-357
0.0007000000000000001,1100.0,25,25,0.08581051722066561,0.0273,0,56.81350180033433,WON-357
0.0007000000000000001,1100.0,25,30,0.0805864035111112,0.0273,0,54.189517745307,WON-357
0.0007000000000000001,1100.0,30,25,0.08581051722066561,0.0273,0,47.34458483361194,WON-357
0.0007000000000000001,1100.0,30,30,0.0805864035111112,0.0273,0,45.157931454422496,WON-357
0.0007000000000000001,1100.0,35,25,0.08581051722066561,0.0273,0,40.581072714524524,WON-357
0.0007000000000000001,1100.0,35,30,0.0805864035111112,0.0273,0,38.706798389505,WON-357
0.0005,2284.6078357263254,30,25,0.07095245729922962,0.0273,0,85.4141300704666,WON-357
0.0005,2284.6078357263254,30,30,0.06505143508027658,0.0273,0,80.28417512365714,WON-357
0.0005,2284.6078357263254,35,25,0.07095245729922962,0.0273,0,73.21211148897137,WON-357
0.0005,2284.6078357263254,35,30,0.06505143508027658,0.0273,0,68.81500724884897,WON-357
0.0005,2284.6078357263254,45,25,0.07095245729922962,0.0273,0,56.94275338031107,WON-357
0.0005,2284.6078357263254,45,30,0.06505143508027658,0.0273,0,53.52278341577143,WON-357
0.0005,1692.3039178631627,25,25,0.07095245729922962,0.0273,0,75.92375270647005,WON-357
0.0005,1692.3039178631627,25,30,0.06505143508027658,0.0273,0,71.36378785691214,WON-357
0.0005,1692.3039178631627,30,25,0.07095245729922962,0.0273,0,63.26979392205837,WON-357
0.0005,1692.3039178631627,30,30,0.06505143508027658,0.0273,0,59.46982321409345,WON-357
0.0005,1692.3039178631627,35,25,0.07095245729922962,0.0273,0,54.231251933192894,WON-357
0.0005,1692.3039178631627,35,30,0.06505143508027658,0.0273,0,50.974134183508674,WON-357
0.0005,1100.0,25,25,0.07095245729922962,0.0273,0,49.350549328380175,WON-357
0.0005,1100.0,25,30,0.06505143508027658,0.0273,0,46.38656556543573,WON-357
0.0005,1100.0,30,25,0.07095245729922962,0.0273,0,41.12545777365015,WON-357
0.0005,1100.0,30,30,0.06505143508027658,0.0273,0,38.655471304529776,WON-357
0.0005,1100.0,35,25,0.07095245729922962,0.0273,0,35.250392377414414,WON-357
0.0005,1100.0,35,30,0.06505143508027658,0.0273,0,33.13326111816838,WON-357
0.0003,2284.6078357263254,30,25,0.05742787103912782,0.0273,0,73.65675726042656,WON-357
0.0003,2284.6078357263254,30,30,0.0510192593202526,0.0273,0,68.08553787341367,WON-357
0.0003,2284.6078357263254,35,25,0.05742787103912782,0.0273,0,63.13436336607992,WON-357
0.0003,2284.6078357263254,35,30,0.0510192593202526,0.0273,0,58.35903246292601,WON-357
0.0003,2284.6078357263254,45,25,0.05742787103912782,0.0273,0,49.104504840284385,WON-357
0.0003,2284.6078357263254,45,30,0.0510192593202526,0.0273,0,45.39035858227579,WON-357
0.0003,1692.3039178631627,25,25,0.05742787103912782,0.0273,0,65.4727434300095,WON-357
0.0003,1692.3039178631627,25,30,0.0510192593202526,0.0273,0,60.5205431012806,WON-357
0.0003,1692.3039178631627,30,25,0.05742787103912782,0.0273,0,54.560619525007915,WON-357
0.0003,1692.3039178631627,30,30,0.0510192593202526,0.0273,0,50.43378591773383,WON-357
0.0003,1692.3039178631627,35,25,0.05742787103912782,0.0273,0,46.766245307149646,WON-357
0.0003,1692.3039178631627,35,30,0.0510192593202526,0.0273,0,43.22895935805757,WON-357
0.0003,1100.0,25,25,0.05742787103912782,0.0273,0,42.55737814750712,WON-357
0.0003,1100.0,25,30,0.0510192593202526,0.0273,0,39.338440754464784,WON-357
0.0003,1100.0,30,25,0.05742787103912782,0.0273,0,35.464481789589264,WON-357
0.0003,1100.0,30,30,0.0510192593202526,0.0273,0,32.78203396205398,WON-357
0.0003,1100.0,35,25,0.05742787103912782,0.0273,0,30.398127248219375,WON-357
0.0003,1100.0,35,30,0.0510192593202526,0.0273,0,28.098886253189132,WON-357
0.001,2284.6078357263254,30,25,0.11016807219002084,0.0254,0,117.85383561629898,WON-4610
0.001,2284.6078357263254,30,30,0.1060792482526339,0.0254,0,114.29928492898561,WON-4610
0.001,2284.6078357263254,35,25,0.11016807219002084,0.0254,0,101.01757338539915,WON-4610
0.001,2284.6078357263254,35,30,0.1060792482526339,0.0254,0,97.97081565341625,WON-4610
0.001,2284.6078357263254,45,25,0.11016807219002084,0.0254,0,78.56922374419933,WON-4610
0.001,2284.6078357263254,45,30,0.1060792482526339,0.0254,0,76.19952328599042,WON-4610
0.001,1692.3039178631627,25,25,0.11016807219002084,0.0254,0,104.75907749056088,WON-4610
0.001,1692.3039178631627,25,30,0.1060792482526339,0.0254,0,101.59947348659166,WON-4610
0.001,1692.3039178631627,30,25,0.11016807219002084,0.0254,0,87.29923124213407,WON-4610
0.001,1692.3039178631627,30,30,0.1060792482526339,0.0254,0,84.66622790549305,WON-4610
0.001,1692.3039178631627,35,25,0.11016807219002084,0.0254,0,74.82791249325778,WON-4610
0.001,1692.3039178631627,35,30,0.1060792482526339,0.0254,0,72.57105249042262,WON-4610
0.001,1100.0,25,25,0.11016807219002084,0.0254,0,68.09355224156297,WON-4610
0.001,1100.0,25,30,0.1060792482526339,0.0254,0,66.0398050584006,WON-4610
0.001,1100.0,30,25,0.11016807219002084,0.0254,0,56.744626867969146,WON-4610
0.001,1100.0,30,30,0.1060792482526339,0.0254,0,55.0331708820005,WON-4610
0.001,1100.0,35,25,0.11016807219002084,0.0254,0,48.638251601116416,WON-4610
0.001,1100.0,35,30,0.1060792482526339,0.0254,0,47.171289327429,WON-4610
0.0006,2284.6078357263254,30,25,0.07822671821227395,0.0254,0,90.08615388826674,WON-4610
0.0006,2284.6078357263254,30,30,0.0726489114900472,0.0254,0,85.23718092640743,WON-4610
0.0006,2284.6078357263254,35,25,0.07822671821227395,0.0254,0,77.21670333280007,WON-4610
0.0006,2284.6078357263254,35,30,0.0726489114900472,0.0254,0,73.06044079406352,WON-4610
0.0006,2284.6078357263254,45,25,0.07822671821227395,0.0254,0,60.057435925511164,WON-4610
0.0006,2284.6078357263254,45,30,0.0726489114900472,0.0254,0,56.82478728427163,WON-4610
0.0006,1692.3039178631627,25,25,0.07822671821227395,0.0254,0,80.07666722645351,WON-4610
0.0006,1692.3039178631627,25,30,0.0726489114900472,0.0254,0,75.76646440950928,WON-4610
0.0006,1692.3039178631627,30,25,0.07822671821227395,0.0254,0,66.73055602204458,WON-4610
0.0006,1692.3039178631627,30,30,0.0726489114900472,0.0254,0,63.13872034125773,WON-4610
0.0006,1692.3039178631627,35,25,0.07822671821227395,0.0254,0,57.19761944746679,WON-4610
0.0006,1692.3039178631627,35,30,0.0726489114900472,0.0254,0,54.11890314964949,WON-4610
0.0006,1100.0,25,25,0.07822671821227395,0.0254,0,52.04994978698692,WON-4610
0.0006,1100.0,25,30,0.0726489114900472,0.0254,0,49.24831170732964,WON-4610
0.0006,1100.0,30,25,0.07822671821227395,0.0254,0,43.37495815582243,WON-4610
0.0006,1100.0,30,30,0.0726489114900472,0.0254,0,41.04025975610803,WON-4610
0.0006,1100.0,35,25,0.07822671821227395,0.0254,0,37.17853556213352,WON-4610
0.0006,1100.0,35,30,0.0726489114900472,0.0254,0,35.17736550523546,WON-4610
0.0004,2284.6078357263254,30,25,0.06401196278645457,0.0254,0,77.72879405997136,WON-4610
0.0004,2284.6078357263254,30,30,0.0578300991336613,0.0254,0,72.35469431089858,WON-4610
0.0004,2284.6078357263254,35,25,0.06401196278645457,0.0254,0,66.6246806228326,WON-4610
0.0004,2284.6078357263254,35,30,0.0578300991336613,0.0254,0,62.01830940934165,WON-4610
0.0004,2284.6078357263254,45,25,0.06401196278645457,0.0254,0,51.819196039980916,WON-4610
0.0004,2284.6078357263254,45,30,0.0578300991336613,0.0254,0,48.23646287393239,WON-4610
0.0004,1692.3039178631627,25,25,0.06401196278645457,0.0254,0,69.09233558326594,WON-4610
0.0004,1692.3039178631627,25,30,0.0578300991336613,0.0254,0,64.31535289864587,WON-4610
0.0004,1692.3039178631627,30,25,0.06401196278645457,0.0254,0,57.57694631938827,WON-4610
0.0004,1692.3039178631627,30,30,0.0578300991336613,0.0254,0,53.59612741553822,WON-4610
0.0004,1692.3039178631627,35,25,0.06401196278645457,0.0254,0,49.35166827376138,WON-4610
0.0004,1692.3039178631627,35,30,0.0578300991336613,0.0254,0,45.93953778474705,WON-4610
0.0004,1100.0,25,25,0.06401196278645457,0.0254,0,44.91011829456623,WON-4610
0.0004,1100.0,25,30,0.0578300991336613,0.0254,0,41.805072624213444,WON-4610
0.0004,1100.0,30,25,0.06401196278645457,0.0254,0,37.42509857880519,WON-4610
0.0004,1100.0,30,30,0.0578300991336613,0.0254,0,34.83756052017787,WON-4610
0.0004,1100.0,35,25,0.06401196278645457,0.0254,0,32.07865592469017,WON-4610
0.0004,1100.0,35,30,0.0578300991336613,0.0254,0,29.86076616015246,WON-4610
0.001,2284.6078357263254,30,25,0.11016807219002084,0.0273,0,119.50556883086519,WON-4610
0.001,2284.6078357263254,30,30,0.1060792482526339,0.0273,0,115.95101814355182,WON-4610
0.001,2284.6078357263254,35,25,0.11016807219002084,0.0273,0,102.43334471217018,WON-4610
0.001,2284.6078357263254,35,30,0.1060792482526339,0.0273,0,99.38658698018729,WON-4610
0.001,2284.6078357263254,45,25,0.11016807219002084,0.0273,0,79.6703792205768,WON-4610
0.001,2284.6078357263254,45,30,0.1060792482526339,0.0273,0,77.3006787623679,WON-4610
0.001,1692.3039178631627,25,25,0.11016807219002084,0.0273,0,106.22728636907229,WON-4610
0.001,1692.3039178631627,25,30,0.1060792482526339,0.0273,0,103.06768236510308,WON-4610
0.001,1692.3039178631627,30,25,0.11016807219002084,0.0273,0,88.52273864089358,WON-4610
0.001,1692.3039178631627,30,30,0.1060792482526339,0.0273,0,85.88973530425255,WON-4610
0.001,1692.3039178631627,35,25,0.11016807219002084,0.0273,0,75.87663312076593,WON-4610
0.001,1692.3039178631627,35,30,0.1060792482526339,0.0273,0,73.61977311793078,WON-4610
0.001,1100.0,25,25,0.11016807219002084,0.0273,0,69.04789014110635,WON-4610
0.001,1100.0,25,30,0.1060792482526339,0.0273,0,66.99414295794396,WON-4610
0.001,1100.0,30,25,0.11016807219002084,0.0273,0,57.539908450921956,WON-4610
0.001,1100.0,30,30,0.1060792482526339,0.0273,0,55.8284524649533,WON-4610
0.001,1100.0,35,25,0.11016807219002084,0.0273,0,49.31992152936168,WON-4610
0.001,1100.0,35,30,0.1060792482526339,0.0273,0,47.852959255674264,WON-4610
0.0006,2284.6078357263254,30,25,0.07822671821227395,0.0273,0,91.73788710283296,WON-4610
0.0006,2284.6078357263254,30,30,0.0726489114900472,0.0273,0,86.88891414097367,WON-4610
0.0006,2284.6078357263254,35,25,0.07822671821227395,0.0273,0,78.63247465957112,WON-4610
0.0006,2284.6078357263254,35,30,0.0726489114900472,0.0273,0,74.47621212083457,WON-4610
0.0006,2284.6078357263254,45,25,0.07822671821227395,0.0273,0,61.15859140188864,WON-4610
0.0006,2284.6078357263254,45,30,0.0726489114900472,0.0273,0,57.925942760649114,WON-4610
0.0006,1692.3039178631627,25,25,0.07822671821227395,0.0273,0,81.54487610496493,WON-4610
0.0006,1692.3039178631627,25,30,0.0726489114900472,0.0273,0,77.23467328802072,WON-4610
0.0006,1692.3039178631627,30,25,0.07822671821227395,0.0273,0,67.9540634208041,WON-4610
0.0006,1692.3039178631627,30,30,0.0726489114900472,0.0273,0,64.36222774001726,WON-4610
0.0006,1692.3039178631627,35,25,0.07822671821227395,0.0273,0,58.246340074974945,WON-4610
0.0006,1692.3039178631627,35,30,0.0726489114900472,0.0273,0,55.16762377715766,WON-4610
0.0006,1100.0,25,25,0.07822671821227395,0.0273,0,53.0042876865303,WON-4610
0.0006,1100.0,25,30,0.0726489114900472,0.0273,0,50.202649606873024,WON-4610
0.0006,1100.0,30,25,0.07822671821227395,0.0273,0,44.170239738775244,WON-4610
0.0006,1100.0,30,30,0.0726489114900472,0.0273,0,41.83554133906085,WON-4610
0.0006,1100.0,35,25,0.07822671821227395,0.0273,0,37.86020549037879,WON-4610
0.0006,1100.0,35,30,0.0726489114900472,0.0273,0,35.859035433480734,WON-4610
0.0004,2284.6078357263254,30,25,0.06401196278645457,0.0273,0,79.38052727453757,WON-4610
0.0004,2284.6078357263254,30,30,0.0578300991336613,0.0273,0,74.0064275254648,WON-4610
0.0004,2284.6078357263254,35,25,0.06401196278645457,0.0273,0,68.04045194960364,WON-4610
0.0004,2284.6078357263254,35,30,0.0578300991336613,0.0273,0,63.43408073611269,WON-4610
0.0004,2284.6078357263254,45,25,0.06401196278645457,0.0273,0,52.92035151635839,WON-4610
0.0004,2284.6078357263254,45,30,0.0578300991336613,0.0273,0,49.337618350309874,WON-4610
0.0004,1692.3039178631627,25,25,0.06401196278645457,0.0273,0,70.56054446177735,WON-4610
0.0004,1692.3039178631627,25,30,0.0578300991336613,0.0273,0,65.78356177715729,WON-4610
0.0004,1692.3039178631627,30,25,0.06401196278645457,0.0273,0,58.80045371814779,WON-4610
0.0004,1692.3039178631627,30,30,0.0578300991336613,0.0273,0,54.819634814297736,WON-4610
0.0004,1692.3039178631627,35,25,0.06401196278645457,0.0273,0,50.40038890126954,WON-4610
0.0004,1692.3039178631627,35,30,0.0578300991336613,0.0273,0,46.988258412255206,WON-4610
0.0004,1100.0,25,25,0.06401196278645457,0.0273,0,45.86445619410961,WON-4610
0.0004,1100.0,25,30,0.0578300991336613,0.0273,0,42.75941052375682,WON-4610
0.0004,1100.0,30,25,0.06401196278645457,0.0273,0,38.220380161758,WON-4610
0.0004,1100.0,30,30,0.0578300991336613,0.0273,0,35.632842103130685,WON-4610
0.0004,1100.0,35,25,0.06401196278645457,0.0273,0,32.76032585293543,WON-4610
0.0004,1100.0,35,30,0.0578300991336613,0.0273,0,30.542436088397732,WON-4610
0.0007000000000000001,5246.086261883446,30,25,0.08581051722066561,0.022,0,215.21433534166005,WOF-357
0.0007000000000000001,5246.086261883446,30,30,0.0805864035111112,0.022,0,204.78581511250843,WOF-357
0.0007000000000000001,5246.086261883446,35,25,0.08581051722066561,0.022,0,184.46943029285148,WOF-357
0.0007000000000000001,5246.086261883446,35,30,0.0805864035111112,0.022,0,175.53069866786439,WOF-357
0.0007000000000000001,5246.086261883446,45,25,0.08581051722066561,0.022,0,143.4762235611067,WOF-357
0.0007000000000000001,5246.086261883446,45,30,0.0805864035111112,0.022,0,136.5238767416723,WOF-357
0.0007000000000000001,3798.043130941723,25,25,0.08581051722066561,0.022,0,186.97214354941707,WOF-357
0.0007000000000000001,3798.043130941723,25,30,0.0805864035111112,0.022,0,177.91213935314693,WOF-357
0.0007000000000000001,3798.043130941723,30,25,0.08581051722066561,0.022,0,155.81011962451421,WOF-357
0.0007000000000000001,3798.043130941723,30,30,0.0805864035111112,0.022,0,148.26011612762244,WOF-357
0.0007000000000000001,3798.043130941723,35,25,0.08581051722066561,0.022,0,133.5515311067265,WOF-357
0.0007000000000000001,3798.043130941723,35,30,0.0805864035111112,0.022,0,127.0800995379621,WOF-357
0.0007000000000000001,2350.0,25,25,0.08581051722066561,0.022,0,115.6870846888421,WOF-357
0.0007000000000000001,2350.0,25,30,0.0805864035111112,0.022,0,110.0813005712837,WOF-357
0.0007000000000000001,2350.0,30,25,0.08581051722066561,0.022,0,96.40590390736841,WOF-357
0.0007000000000000001,2350.0,30,30,0.0805864035111112,0.022,0,91.73441714273642,WOF-357
0.0007000000000000001,2350.0,35,25,0.08581051722066561,0.022,0,82.6336319206015,WOF-357
0.0007000000000000001,2350.0,35,30,0.0805864035111112,0.022,0,78.6295004080598,WOF-357
0.0005,5246.086261883446,30,25,0.07095245729922962,0.022,0,185.55426531422992,WOF-357
0.0005,5246.086261883446,30,30,0.06505143508027658,0.022,0,173.77448160269316,WOF-357
0.0005,5246.086261883446,35,25,0.07095245729922962,0.022,0,159.0465131264828,WOF-357
0.0005,5246.086261883446,35,30,0.06505143508027658,0.022,0,148.94955565945128,WOF-357
0.0005,5246.086261883446,45,25,0.07095245729922962,0.022,0,123.70284354281996,WOF-357
0.0005,5246.086261883446,45,30,0.06505143508027658,0.022,0,115.84965440179545,WOF-357
0.0005,3798.043130941723,25,25,0.07095245729922962,0.022,0,161.20431139246253,WOF-357
0.0005,3798.043130941723,25,30,0.06505143508027658,0.022,0,150.97036760057708,WOF-357
0.0005,3798.043130941723,30,25,0.07095245729922962,0.022,0,134.33692616038542,WOF-357
0.0005,3798.043130941723,30,30,0.06505143508027658,0.022,0,125.80863966714756,WOF-357
0.0005,3798.043130941723,35,25,0.07095245729922962,0.022,0,115.1459367089018,WOF-357
0.0005,3798.043130941723,35,30,0.06505143508027658,0.022,0,107.83597685755507,WOF-357
0.0005,2350.0,25,25,0.07095245729922962,0.022,0,99.74350440784916,WOF-357
0.0005,2350.0,25,30,0.06505143508027658,0.022,0,93.41135727792236,WOF-357
0.0005,2350.0,30,25,0.07095245729922962,0.022,0,83.11958700654095,WOF-357
0.0005,2350.0,30,30,0.06505143508027658,0.022,0,77.84279773160196,WOF-357
0.0005,2350.0,35,25,0.07095245729922962,0.022,0,71.24536029132082,WOF-357
0.0005,2350.0,35,30,0.06505143508027658,0.022,0,66.72239805565883,WOF-357
0.0003,5246.086261883446,30,25,0.05742787103912782,0.022,0,158.55611227892638,WOF-357
0.0003,5246.086261883446,30,30,0.0510192593202526,0.022,0,145.76306437324277,WOF-357
0.0003,5246.086261883446,35,25,0.05742787103912782,0.022,0,135.9052390962226,WOF-357
0.0003,5246.086261883446,35,30,0.0510192593202526,0.022,0,124.93976946277952,WOF-357
0.0003,5246.086261883446,45,25,0.05742787103912782,0.022,0,105.7040748526176,WOF-357
0.0003,5246.086261883446,45,30,0.0510192593202526,0.022,0,97.17537624882851,WOF-357
0.0003,3798.043130941723,25,25,0.05742787103912782,0.022,0,137.7490776280751,WOF-357
0.0003,3798.043130941723,25,30,0.0510192593202526,0.022,0,126.6348384875515,WOF-357
0.0003,3798.043130941723,30,25,0.05742787103912782,0.022,0,114.79089802339591,WOF-357
0.0003,3798.043130941723,30,30,0.0510192593202526,0.022,0,105.52903207295958,WOF-357
0.0003,3798.043130941723,35,25,0.05742787103912782,0.022,0,98.39219830576793,WOF-357
0.0003,3798.043130941723,35,30,0.0510192593202526,0.022,0,90.45345606253679,WOF-357
0.0003,2350.0,25,25,0.05742787103912782,0.022,0,85.23082052143853,WOF-357
0.0003,2350.0,25,30,0.0510192593202526,0.022,0,78.3539997272117,WOF-357
0.0003,2350.0,30,25,0.05742787103912782,0.022,0,71.02568376786544,WOF-357
0.0003,2350.0,30,30,0.0510192593202526,0.022,0,65.29499977267642,WOF-357
0.0003,2350.0,35,25,0.05742787103912782,0.022,0,60.87915751531324,WOF-357
0.0003,2350.0,35,30,0.0510192593202526,0.022,0,55.96714266229407,WOF-357
0.0007000000000000001,5246.086261883446,30,25,0.08581051722066561,0.0269,0,224.9958508223407,WOF-357
0.0007000000000000001,5246.086261883446,30,30,0.0805864035111112,0.0269,0,214.5673305931891,WOF-357
0.0007000000000000001,5246.086261883446,35,25,0.08581051722066561,0.0269,0,192.85358641914922,WOF-357
0.0007000000000000001,5246.086261883446,35,30,0.0805864035111112,0.0269,0,183.91485479416212,WOF-357
0.0007000000000000001,5246.086261883446,45,25,0.08581051722066561,0.0269,0,149.9972338815605,WOF-357
0.0007000000000000001,5246.086261883446,45,30,0.0805864035111112,0.0269,0,143.0448870621261,WOF-357
0.0007000000000000001,3798.043130941723,25,25,0.08581051722066561,0.0269,0,195.47004827161544,WOF-357
0.0007000000000000001,3798.043130941723,25,30,0.0805864035111112,0.0269,0,186.4100440753453,WOF-357
0.0007000000000000001,3798.043130941723,30,25,0.08581051722066561,0.0269,0,162.89170689301284,WOF-357
0.0007000000000000001,3798.043130941723,30,30,0.0805864035111112,0.0269,0,155.34170339612106,WOF-357
0.0007000000000000001,3798.043130941723,35,25,0.08581051722066561,0.0269,0,139.62146305115388,WOF-357
0.0007000000000000001,3798.043130941723,35,30,0.0805864035111112,0.0269,0,133.1500314823895,WOF-357
0.0007000000000000001,2350.0,25,25,0.08581051722066561,0.0269,0,120.94507555642198,WOF-357
0.0007000000000000001,2350.0,25,30,0.0805864035111112,0.0269,0,115.33929143886361,WOF-357
0.0007000000000000001,2350.0,30,25,0.08581051722066561,0.0269,0,100.78756296368499,WOF-357
0.0007000000000000001,2350.0,30,30,0.0805864035111112,0.0269,0,96.116076199053,WOF-357
0.0007000000000000001,2350.0,35,25,0.08581051722066561,0.0269,0,86.38933968315857,WOF-357
0.0007000000000000001,2350.0,35,30,0.0805864035111112,0.0269,0,82.38520817061686,WOF-357
0.0005,5246.086261883446,30,25,0.07095245729922962,0.0269,0,195.33578079491056,WOF-357
0.0005,5246.086261883446,30,30,0.06505143508027658,0.0269,0,183.55599708337388,WOF-357
0.0005,5246.086261883446,35,25,0.07095245729922962,0.0269,0,167.4306692527805,WOF-357
0.0005,5246.086261883446,35,30,0.06505143508027658,0.0269,0,157.33371178574907,WOF-357
0.0005,5246.086261883446,45,25,0.07095245729922962,0.0269,0,130.22385386327372,WOF-357
0.0005,5246.086261883446,45,30,0.06505143508027658,0.0269,0,122.37066472224927,WOF-357
0.0005,3798.043130941723,25,25,0.07095245729922962,0.0269,0,169.70221611466087,WOF-357
0.0005,3798.043130941723,25,30,0.06505143508027658,0.0269,0,159.4682723227755,WOF-357
0.0005,3798.043130941723,30,25,0.07095245729922962,0.0269,0,141.41851342888404,WOF-357
0.0005,3798.043130941723,30,30,0.06505143508027658,0.0269,0,132.89022693564624,WOF-357
0.0005,3798.043130941723,35,25,0.07095245729922962,0.0269,0,121.2158686533292,WOF-357
0.0005,3798.043130941723,35,30,0.06505143508027658,0.0269,0,113.90590880198249,WOF-357
0.0005,2350.0,25,25,0.07095245729922962,0.0269,0,105.00149527542904,WOF-357
0.0005,2350.0,25,30,0.06505143508027658,0.0269,0,98.66934814550227,WOF-357
0.0005,2350.0,30,25,0.07095245729922962,0.0269,0,87.50124606285753,WOF-357
0.0005,2350.0,30,30,0.06505143508027658,0.0269,0,82.22445678791856,WOF-357
0.0005,2350.0,35,25,0.07095245729922962,0.0269,0,75.00106805387789,WOF-357
0.0005,2350.0,35,30,0.06505143508027658,0.0269,0,70.47810581821591,WOF-357
0.0003,5246.086261883446,30,25,0.05742787103912782,0.0269,0,168.33762775960705,WOF-357
0.0003,5246.086261883446,30,30,0.0510192593202526,0.0269,0,155.54457985392344,WOF-357
0.0003,5246.086261883446,35,25,0.05742787103912782,0.0269,0,144.28939522252034,WOF-357
0.0003,5246.086261883446,35,30,0.0510192593202526,0.0269,0,133.32392558907725,WOF-357
0.0003,5246.086261883446,45,25,0.05742787103912782,0.0269,0,112.22508517307139,WOF-357
0.0003,5246.086261883446,45,30,0.0510192593202526,0.0269,0,103.6963865692823,WOF-357
0.0003,3798.043130941723,25,25,0.05742787103912782,0.0269,0,146.24698235027347,WOF-357
0.0003,3798.043130941723,25,30,0.0510192593202526,0.0269,0,135.13274320974986,WOF-357
0.0003,3798.043130941723,30,25,0.05742787103912782,0.0269,0,121.87248529189455,WOF-357
0.0003,3798.043130941723,30,30,0.0510192593202526,0.0269,0,112.6106193414582,WOF-357
0.0003,3798.043130941723,35,25,0.05742787103912782,0.0269,0,104.46213025019533,WOF-357
0.0003,3798.043130941723,35,30,0.0510192593202526,0.0269,0,96.52338800696418,WOF-357
0.0003,2350.0,25,25,0.05742787103912782,0.0269,0,90.48881138901842,WOF-357
0.0003,2350.0,25,30,0.0510192593202526,0.0269,0,83.61199059479159,WOF-357
0.0003,2350.0,30,25,0.05742787103912782,0.0269,0,75.40734282418201,WOF-357
0.0003,2350.0,30,30,0.0510192593202526,0.0269,0,69.67665882899298,WOF-357
0.0003,2350.0,35,25,0.05742787103912782,0.0269,0,64.6348652778703,WOF-357
0.0003,2350.0,35,30,0.0510192593202526,0.0269,0,59.72285042485114,WOF-357
0.001,5246.086261883446,30,25,0.11016807219002084,0.022,0,263.8375600364109,WOF-4610
0.001,5246.086261883446,30,30,0.1060792482526339,0.022,0,255.67533664022147,WOF-4610
0.001,5246.086261883446,35,25,0.11016807219002084,0.022,0,226.14648003120936,WOF-4610
0.001,5246.086261883446,35,30,0.1060792482526339,0.022,0,219.1502885487613,WOF-4610
0.001,5246.086261883446,45,25,0.11016807219002084,0.022,0,175.89170669094062,WOF-4610
0.001,5246.086261883446,45,30,0.1060792482526339,0.022,0,170.45022442681434,WOF-4610
0.001,3798.043130941723,25,25,0.11016807219002084,0.022,0,229.21462954845592,WOF-4610
0.001,3798.043130941723,25,30,0.1060792482526339,0.022,0,222.12352011054605,WOF-4610
0.001,3798.043130941723,30,25,0.11016807219002084,0.022,0,191.01219129037992,WOF-4610
0.001,3798.043130941723,30,30,0.1060792482526339,0.022,0,185.10293342545503,WOF-4610
0.001,3798.043130941723,35,25,0.11016807219002084,0.022,0,163.72473539175422,WOF-4610
0.001,3798.043130941723,35,30,0.1060792482526339,0.022,0,158.6596572218186,WOF-4610
0.001,2350.0,25,25,0.11016807219002084,0.022,0,141.8241870532187,WOF-4610
0.001,2350.0,25,30,0.1060792482526339,0.022,0,137.43663625282633,WOF-4610
0.001,2350.0,30,25,0.11016807219002084,0.022,0,118.18682254434891,WOF-4610
0.001,2350.0,30,30,0.1060792482526339,0.022,0,114.5305302106886,WOF-4610
0.001,2350.0,35,25,0.11016807219002084,0.022,0,101.30299075229908,WOF-4610
0.001,2350.0,35,30,0.1060792482526339,0.022,0,98.16902589487594,WOF-4610
0.0006,5246.086261883446,30,25,0.07822671821227395,0.022,0,200.07534607575104,WOF-4610
0.0006,5246.086261883446,30,30,0.0726489114900472,0.022,0,188.9407740754029,WOF-4610
0.0006,5246.086261883446,35,25,0.07822671821227395,0.022,0,171.4931537792152,WOF-4610
0.0006,5246.086261883446,35,30,0.0726489114900472,0.022,0,161.94923492177395,WOF-4610
0.0006,5246.086261883446,45,25,0.07822671821227395,0.022,0,133.3835640505007,WOF-4610
0.0006,5246.086261883446,45,30,0.0726489114900472,0.022,0,125.96051605026862,WOF-4610
0.0006,3798.043130941723,25,25,0.07822671821227395,0.022,0,173.81981673194463,WOF-4610
0.0006,3798.043130941723,25,30,0.0726489114900472,0.022,0,164.14641467392005,WOF-4610
0.0006,3798.043130941723,30,25,0.07822671821227395,0.022,0,144.84984727662052,WOF-4610
0.0006,3798.043130941723,30,30,0.0726489114900472,0.022,0,136.78867889493335,WOF-4610
0.0006,3798.043130941723,35,25,0.07822671821227395,0.022,0,124.15701195138902,WOF-4610
0.0006,3798.043130941723,35,30,0.0726489114900472,0.022,0,117.24743905280005,WOF-4610
0.0006,2350.0,25,25,0.07822671821227395,0.022,0,107.54921817298802,WOF-4610
0.0006,2350.0,25,30,0.0726489114900472,0.022,0,101.5639004573566,WOF-4610
0.0006,2350.0,30,25,0.07822671821227395,0.022,0,89.62434847749002,WOF-4610
0.0006,2350.0,30,30,0.0726489114900472,0.022,0,84.63658371446382,WOF-4610
0.0006,2350.0,35,25,0.07822671821227395,0.022,0,76.82087012356288,WOF-4610
0.0006,2350.0,35,30,0.0726489114900472,0.022,0,72.54564318382614,WOF-4610
0.0004,5246.086261883446,30,25,0.06401196278645457,0.022,0,171.69945826927304,WOF-4610
0.0004,5246.086261883446,30,30,0.0578300991336613,0.022,0,159.35905112248633,WOF-4610
0.0004,5246.086261883446,35,25,0.06401196278645457,0.022,0,147.17096423080545,WOF-4610
0.0004,5246.086261883446,35,30,0.0578300991336613,0.022,0,136.59347239070257,WOF-4610
0.0004,5246.086261883446,45,25,0.06401196278645457,0.022,0,114.46630551284869,WOF-4610
0.0004,5246.086261883446,45,30,0.0578300991336613,0.022,0,106.23936741499091,WOF-4610
0.0004,3798.043130941723,25,25,0.06401196278645457,0.022,0,149.1676458629721,WOF-4610
0.0004,3798.043130941723,25,30,0.0578300991336613,0.022,0,138.44664824520504,WOF-4610
0.0004,3798.043130941723,30,25,0.06401196278645457,0.022,0,124.30637155247673,WOF-4610
0.0004,3798.043130941723,30,30,0.0578300991336613,0.022,0,115.3722068710042,WOF-4610
0.0004,3798.043130941723,35,25,0.06401196278645457,0.022,0,106.5483184735515,WOF-4610
0.0004,3798.043130941723,35,30,0.0578300991336613,0.022,0,98.89046303228932,WOF-4610
0.0004,2350.0,25,25,0.06401196278645457,0.022,0,92.29594180281654,WOF-4610
0.0004,2350.0,25,30,0.0578300991336613,0.022,0,85.66243514342649,WOF-4610
0.0004,2350.0,30,25,0.06401196278645457,0.022,0,76.91328483568044,WOF-4610
0.0004,2350.0,30,30,0.0578300991336613,0.022,0,71.38536261952207,WOF-4610
0.0004,2350.0,35,25,0.06401196278645457,0.022,0,65.92567271629753,WOF-4610
0.0004,2350.0,35,30,0.0578300991336613,0.022,0,61.18745367387607,WOF-4610
0.001,5246.086261883446,30,25,0.11016807219002084,0.0269,0,273.61907551709163,WOF-4610
0.001,5246.086261883446,30,30,0.1060792482526339,0.0269,0,265.45685212090217,WOF-4610
0.001,5246.086261883446,35,25,0.11016807219002084,0.0269,0,234.53063615750713,WOF-4610
0.001,5246.086261883446,35,30,0.1060792482526339,0.0269,0,227.53444467505904,WOF-4610
0.001,5246.086261883446,45,25,0.11016807219002084,0.0269,0,182.41271701139442,WOF-4610
0.001,5246.086261883446,45,30,0.1060792482526339,0.0269,0,176.97123474726814,WOF-4610
0.001,3798.043130941723,25,25,0.11016807219002084,0.0269,0,237.7125342706543,WOF-4610
0.001,3798.043130941723,25,30,0.1060792482526339,0.0269,0,230.62142483274445,WOF-4610
0.001,3798.043130941723,30,25,0.11016807219002084,0.0269,0,198.09377855887857,WOF-4610
0.001,3798.043130941723,30,30,0.1060792482526339,0.0269,0,192.18452069395371,WOF-4610
0.001,3798.043130941723,35,25,0.11016807219002084,0.0269,0,169.79466733618165,WOF-4610
0.001,3798.043130941723,35,30,0.1060792482526339,0.0269,0,164.72958916624606,WOF-4610
0.001,2350.0,25,25,0.11016807219002084,0.0269,0,147.0821779207986,WOF-4610
0.001,2350.0,25,30,0.1060792482526339,0.0269,0,142.69462712040627,WOF-4610
0.001,2350.0,30,25,0.11016807219002084,0.0269,0,122.5684816006655,WOF-4610
0.001,2350.0,30,30,0.1060792482526339,0.0269,0,118.9121892670052,WOF-4610
0.001,2350.0,35,25,0.11016807219002084,0.0269,0,105.05869851485616,WOF-4610
0.001,2350.0,35,30,0.1060792482526339,0.0269,0,101.92473365743304,WOF-4610
0.0006,5246.086261883446,30,25,0.07822671821227395,0.0269,0,209.85686155643174,WOF-4610
0.0006,5246.086261883446,30,30,0.0726489114900472,0.0269,0,198.72228955608358,WOF-4610
0.0006,5246.086261883446,35,25,0.07822671821227395,0.0269,0,179.87730990551293,WOF-4610
0.0006,5246.086261883446,35,30,0.0726489114900472,0.0269,0,170.33339104807166,WOF-4610
0.0006,5246.086261883446,45,25,0.07822671821227395,0.0269,0,139.90457437095452,WOF-4610
0.0006,5246.086261883446,45,30,0.0726489114900472,0.0269,0,132.4815263707224,WOF-4610
0.0006,3798.043130941723,25,25,0.07822671821227395,0.0269,0,182.31772145414303,WOF-4610
0.0006,3798.043130941723,25,30,0.0726489114900472,0.0269,0,172.64431939611842,WOF-4610
0.0006,3798.043130941723,30,25,0.07822671821227395,0.0269,0,151.93143454511917,WOF-4610
0.0006,3798.043130941723,30,30,0.0726489114900472,0.0269,0,143.870266163432,WOF-4610
0.0006,3798.043130941723,35,25,0.07822671821227395,0.0269,0,130.22694389581645,WOF-4610
0.0006,3798.043130941723,35,30,0.0726489114900472,0.0269,0,123.31737099722744,WOF-4610
0.0006,2350.0,25,25,0.07822671821227395,0.0269,0,112.80720904056794,WOF-4610
0.0006,2350.0,25,30,0.0726489114900472,0.0269,0,106.82189132493649,WOF-4610
0.0006,2350.0,30,25,0.07822671821227395,0.0269,0,94.00600753380661,WOF-4610
0.0006,2350.0,30,30,0.0726489114900472,0.0269,0,89.01824277078039,WOF-4610
0.0006,2350.0,35,25,0.07822671821227395,0.0269,0,80.57657788611996,WOF-4610
0.0006,2350.0,35,30,0.0726489114900472,0.0269,0,76.30135094638321,WOF-4610
0.0004,5246.086261883446,30,25,0.06401196278645457,0.0269,0,181.48097374995376,WOF-4610
0.0004,5246.086261883446,30,30,0.0578300991336613,0.0269,0,169.14056660316706,WOF-4610
0.0004,5246.086261883446,35,25,0.06401196278645457,0.0269,0,155.55512035710325,WOF-4610
0.0004,5246.086261883446,35,30,0.0578300991336613,0.0269,0,144.97762851700037,WOF-4610
0.0004,5246.086261883446,45,25,0.06401196278645457,0.0269,0,120.98731583330252,WOF-4610
0.0004,5246.086261883446,45,30,0.0578300991336613,0.0269,0,112.76037773544472,WOF-4610
0.0004,3798.043130941723,25,25,0.06401196278645457,0.0269,0,157.6655505851705,WOF-4610
0.0004,3798.043130941723,25,30,0.0578300991336613,0.0269,0,146.94455296740347,WOF-4610
0.0004,3798.043130941723,30,25,0.06401196278645457,0.0269,0,131.3879588209754,WOF-4610
0.0004,3798.043130941723,30,30,0.0578300991336613,0.0269,0,122.45379413950288,WOF-4610
0.0004,3798.043130941723,35,25,0.06401196278645457,0.0269,0,112.61825041797893,WOF-4610
0.0004,3798.043130941723,35,30,0.0578300991336613,0.0269,0,104.96039497671676,WOF-4610
0.0004,2350.0,25,25,0.06401196278645457,0.0269,0,97.55393267039646,WOF-4610
0.0004,2350.0,25,30,0.0578300991336613,0.0269,0,90.92042601100643,WOF-4610
0.0004,2350.0,30,25,0.06401196278645457,0.0269,0,81.29494389199705,WOF-4610
0.0004,2350.0,30,30,0.0578300991336613,0.0269,0,75.76702167583868,WOF-4610
0.0004,2350.0,35,25,0.06401196278645457,0.0269,0,69.68138047885462,WOF-4610
0.0004,2350.0,35,30,0.0578300991336613,0.0269,0,64.94316143643316,WOF-4610
