Discount Rate,CAPEX ($/kW),Capacity Factor (%),Economic Life (Years),Capital Recovery Factor,Fixed O&M Cost Fraction,Variable O&M Cost ($/MWh),LCOE ($/MWh),Technology,LCOE_Adjusted ($/MWh)
0.07,2284.6078357263254,30,25.0,0.08151999135963232,0.029209999999999996,0,96.67900268550612,Wind Onshore,252.9746059101243
0.07,2284.6078357263254,30,30.0,0.07655708333555564,0.029209999999999996,0,92.13750682722099,Wind Onshore,241.63630735032967
0.07,2284.6078357263254,35,25.0,0.08151999135963232,0.029209999999999996,0,82.86771658757668,Wind Onshore,252.9746059101243
0.07,2284.6078357263254,35,30.0,0.07655708333555564,0.029209999999999996,0,78.9750058519037,Wind Onshore,241.63630735032967
0.07,2284.6078357263254,45,25.0,0.08151999135963232,0.029209999999999996,0,64.4526684570041,Wind Onshore,252.9746059101243
0.07,2284.6078357263254,45,30.0,0.07655708333555564,0.029209999999999996,0,61.42500455148066,Wind Onshore,241.63630735032967
0.07,1692.3039178631627,25,25.0,0.08151999135963232,0.029209999999999996,0,85.93698356169914,Wind Onshore,187.38879820285993
0.07,1692.3039178631627,25,30.0,0.07655708333555564,0.029209999999999996,0,81.9000940192144,Wind Onshore,178.99004950972042
0.07,1692.3039178631627,30,25.0,0.08151999135963232,0.029209999999999996,0,71.61415296808262,Wind Onshore,187.38879820285993
0.07,1692.3039178631627,30,30.0,0.07655708333555564,0.029209999999999996,0,68.25007834934533,Wind Onshore,178.99004950972042
0.07,1692.3039178631627,35,25.0,0.08151999135963232,0.029209999999999996,0,61.38355968692796,Wind Onshore,187.38879820285993
0.07,1692.3039178631627,35,30.0,0.07655708333555564,0.029209999999999996,0,58.500067156581714,Wind Onshore,178.99004950972042
0.07,1100.0,25,25.0,0.08151999135963232,0.029209999999999996,0,55.85916390079094,Wind Onshore,121.80299049559554
0.07,1100.0,25,30.0,0.07655708333555564,0.029209999999999996,0,53.23517984576361,Wind Onshore,116.3437916691112
0.07,1100.0,30,25.0,0.08151999135963232,0.029209999999999996,0,46.549303250659115,Wind Onshore,121.80299049559554
0.07,1100.0,30,30.0,0.07655708333555564,0.029209999999999996,0,44.36264987146967,Wind Onshore,116.3437916691112
0.07,1100.0,35,25.0,0.08151999135963232,0.029209999999999996,0,39.899402786279246,Wind Onshore,121.80299049559554
0.07,1100.0,35,30.0,0.07655708333555564,0.029209999999999996,0,38.025128461259726,Wind Onshore,116.3437916691112
0.05,2284.6078357263254,30,25.0,0.06740483443426815,0.029209999999999996,0,83.76239685590036,Wind Onshore,220.7270077959306
0.05,2284.6078357263254,30,30.0,0.06179886332626275,0.029209999999999996,0,78.63244190909091,Wind Onshore,207.9195622757261
0.05,2284.6078357263254,35,25.0,0.06740483443426815,0.029209999999999996,0,71.79634016220032,Wind Onshore,220.7270077959306
0.05,2284.6078357263254,35,30.0,0.06179886332626275,0.029209999999999996,0,67.39923592207793,Wind Onshore,207.9195622757261
0.05,2284.6078357263254,45,25.0,0.06740483443426815,0.029209999999999996,0,55.84159790393358,Wind Onshore,220.7270077959306
0.05,2284.6078357263254,45,30.0,0.06179886332626275,0.029209999999999996,0,52.42162793939394,Wind Onshore,207.9195622757261
0.05,1692.3039178631627,25,25.0,0.06740483443426815,0.029209999999999996,0,74.45554382795862,Wind Onshore,163.50166283681278
0.05,1692.3039178631627,25,30.0,0.06179886332626275,0.029209999999999996,0,69.89557897840072,Wind Onshore,154.01465596730756
0.05,1692.3039178631627,30,25.0,0.06740483443426815,0.029209999999999996,0,62.04628652329884,Wind Onshore,163.50166283681278
0.05,1692.3039178631627,30,30.0,0.06179886332626275,0.029209999999999996,0,58.24631581533393,Wind Onshore,154.01465596730756
0.05,1692.3039178631627,35,25.0,0.06740483443426815,0.029209999999999996,0,53.182531305684726,Wind Onshore,163.50166283681278
0.05,1692.3039178631627,35,30.0,0.06179886332626275,0.029209999999999996,0,49.925413556000514,Wind Onshore,154.01465596730756
0.05,1100.0,25,25.0,0.06740483443426815,0.029209999999999996,0,48.3962114288368,Wind Onshore,106.27631787769496
0.05,1100.0,25,30.0,0.06179886332626275,0.029209999999999996,0,45.43222766589235,Wind Onshore,100.10974965888903
0.05,1100.0,30,25.0,0.06740483443426815,0.029209999999999996,0,40.33017619069733,Wind Onshore,106.27631787769496
0.05,1100.0,30,30.0,0.06179886332626275,0.029209999999999996,0,37.86018972157696,Wind Onshore,100.10974965888903
0.05,1100.0,35,25.0,0.06740483443426815,0.029209999999999996,0,34.568722449169144,Wind Onshore,106.27631787769496
0.05,1100.0,35,30.0,0.06179886332626275,0.029209999999999996,0,32.45159118992311,Wind Onshore,100.10974965888903
0.03,2284.6078357263254,30,25.0,0.05455647748717143,0.029209999999999996,0,72.00502404586034,Wind Onshore,191.3735508383847
0.03,2284.6078357263254,30,30.0,0.048468296354239965,0.029209999999999996,0,66.43380465884744,Wind Onshore,177.46444451676825
0.03,2284.6078357263254,35,25.0,0.05455647748717143,0.029209999999999996,0,61.71859203930887,Wind Onshore,191.3735508383847
0.03,2284.6078357263254,35,30.0,0.048468296354239965,0.029209999999999996,0,56.94326113615496,Wind Onshore,177.46444451676825
0.03,2284.6078357263254,45,25.0,0.05455647748717143,0.029209999999999996,0,48.00334936390689,Wind Onshore,191.3735508383847
0.03,2284.6078357263254,45,30.0,0.048468296354239965,0.029209999999999996,0,44.2892031058983,Wind Onshore,177.46444451676825
0.03,1692.3039178631627,25,25.0,0.05455647748717143,0.029209999999999996,0,64.00453455149808,Wind Onshore,141.7583380371366
0.03,1692.3039178631627,25,30.0,0.048468296354239965,0.029209999999999996,0,59.05233422276917,Wind Onshore,131.45528525321612
0.03,1692.3039178631627,30,25.0,0.05455647748717143,0.029209999999999996,0,53.33711212624839,Wind Onshore,141.7583380371366
0.03,1692.3039178631627,30,30.0,0.048468296354239965,0.029209999999999996,0,49.2102785189743,Wind Onshore,131.45528525321612
0.03,1692.3039178631627,35,25.0,0.05455647748717143,0.029209999999999996,0,45.717524679641485,Wind Onshore,141.7583380371366
0.03,1692.3039178631627,35,30.0,0.048468296354239965,0.029209999999999996,0,42.180238730549405,Wind Onshore,131.45528525321612
0.03,1100.0,25,25.0,0.05455647748717143,0.029209999999999996,0,41.60304024796374,Wind Onshore,92.14312523588856
0.03,1100.0,25,30.0,0.048468296354239965,0.029209999999999996,0,38.384102854921395,Wind Onshore,85.44612598966395
0.03,1100.0,30,25.0,0.05455647748717143,0.029209999999999996,0,34.669200206636454,Wind Onshore,92.14312523588856
0.03,1100.0,30,30.0,0.048468296354239965,0.029209999999999996,0,31.98675237910116,Wind Onshore,85.44612598966395
0.03,1100.0,35,25.0,0.05455647748717143,0.029209999999999996,0,29.716457319974104,Wind Onshore,92.14312523588856
0.03,1100.0,35,30.0,0.048468296354239965,0.029209999999999996,0,27.417216324943855,Wind Onshore,85.44612598966395
0.07,2284.6078357263254,30,25.0,0.08151999135963232,0.031395,0,98.33073590007236,Wind Onshore,257.96647403118635
0.07,2284.6078357263254,30,30.0,0.07655708333555564,0.031395,0,93.78924004178721,Wind Onshore,246.62817547139167
0.07,2284.6078357263254,35,25.0,0.08151999135963232,0.031395,0,84.28348791434775,Wind Onshore,257.96647403118635
0.07,2284.6078357263254,35,30.0,0.07655708333555564,0.031395,0,80.39077717867477,Wind Onshore,246.62817547139167
0.07,2284.6078357263254,45,25.0,0.08151999135963232,0.031395,0,65.55382393338158,Wind Onshore,257.96647403118635
0.07,2284.6078357263254,45,30.0,0.07655708333555564,0.031395,0,62.52616002785815,Wind Onshore,246.62817547139167
0.07,1692.3039178631627,25,25.0,0.08151999135963232,0.031395,0,87.40519244021058,Wind Onshore,191.08648226339096
0.07,1692.3039178631627,25,30.0,0.07655708333555564,0.031395,0,83.36830289772583,Wind Onshore,182.68773357025145
0.07,1692.3039178631627,30,25.0,0.08151999135963232,0.031395,0,72.83766036684214,Wind Onshore,191.08648226339096
0.07,1692.3039178631627,30,30.0,0.07655708333555564,0.031395,0,69.47358574810485,Wind Onshore,182.68773357025145
0.07,1692.3039178631627,35,25.0,0.08151999135963232,0.031395,0,62.43228031443613,Wind Onshore,191.08648226339096
0.07,1692.3039178631627,35,30.0,0.07655708333555564,0.031395,0,59.54878778408988,Wind Onshore,182.68773357025145
0.07,1100.0,25,25.0,0.08151999135963232,0.031395,0,56.81350180033433,Wind Onshore,124.20649049559555
0.07,1100.0,25,30.0,0.07655708333555564,0.031395,0,54.189517745307,Wind Onshore,118.7472916691112
0.07,1100.0,30,25.0,0.08151999135963232,0.031395,0,47.34458483361194,Wind Onshore,124.20649049559555
0.07,1100.0,30,30.0,0.07655708333555564,0.031395,0,45.157931454422496,Wind Onshore,118.7472916691112
0.07,1100.0,35,25.0,0.08151999135963232,0.031395,0,40.581072714524524,Wind Onshore,124.20649049559555
0.07,1100.0,35,30.0,0.07655708333555564,0.031395,0,38.706798389505,Wind Onshore,118.7472916691112
0.05,2284.6078357263254,30,25.0,0.06740483443426815,0.031395,0,85.4141300704666,Wind Onshore,225.7188759169926
0.05,2284.6078357263254,30,30.0,0.06179886332626275,0.031395,0,80.28417512365714,Wind Onshore,212.9114303967881
0.05,2284.6078357263254,35,25.0,0.06740483443426815,0.031395,0,73.21211148897137,Wind Onshore,225.7188759169926
0.05,2284.6078357263254,35,30.0,0.06179886332626275,0.031395,0,68.81500724884897,Wind Onshore,212.9114303967881
0.05,2284.6078357263254,45,25.0,0.06740483443426815,0.031395,0,56.94275338031107,Wind Onshore,225.7188759169926
0.05,2284.6078357263254,45,30.0,0.06179886332626275,0.031395,0,53.52278341577143,Wind Onshore,212.9114303967881
0.05,1692.3039178631627,25,25.0,0.06740483443426815,0.031395,0,75.92375270647005,Wind Onshore,167.1993468973438
0.05,1692.3039178631627,25,30.0,0.06179886332626275,0.031395,0,71.36378785691214,Wind Onshore,157.71234002783856
0.05,1692.3039178631627,30,25.0,0.06740483443426815,0.031395,0,63.26979392205837,Wind Onshore,167.1993468973438
0.05,1692.3039178631627,30,30.0,0.06179886332626275,0.031395,0,59.46982321409345,Wind Onshore,157.71234002783856
0.05,1692.3039178631627,35,25.0,0.06740483443426815,0.031395,0,54.231251933192894,Wind Onshore,167.1993468973438
0.05,1692.3039178631627,35,30.0,0.06179886332626275,0.031395,0,50.974134183508674,Wind Onshore,157.71234002783856
0.05,1100.0,25,25.0,0.06740483443426815,0.031395,0,49.350549328380175,Wind Onshore,108.67981787769497
0.05,1100.0,25,30.0,0.06179886332626275,0.031395,0,46.38656556543573,Wind Onshore,102.51324965888904
0.05,1100.0,30,25.0,0.06740483443426815,0.031395,0,41.12545777365015,Wind Onshore,108.67981787769497
0.05,1100.0,30,30.0,0.06179886332626275,0.031395,0,38.655471304529776,Wind Onshore,102.51324965888904
0.05,1100.0,35,25.0,0.06740483443426815,0.031395,0,35.250392377414414,Wind Onshore,108.67981787769497
0.05,1100.0,35,30.0,0.06179886332626275,0.031395,0,33.13326111816838,Wind Onshore,102.51324965888904
0.03,2284.6078357263254,30,25.0,0.05455647748717143,0.031395,0,73.65675726042656,Wind Onshore,196.36541895944669
0.03,2284.6078357263254,30,30.0,0.048468296354239965,0.031395,0,68.08553787341367,Wind Onshore,182.4563126378303
0.03,2284.6078357263254,35,25.0,0.05455647748717143,0.031395,0,63.13436336607992,Wind Onshore,196.36541895944669
0.03,2284.6078357263254,35,30.0,0.048468296354239965,0.031395,0,58.35903246292601,Wind Onshore,182.4563126378303
0.03,2284.6078357263254,45,25.0,0.05455647748717143,0.031395,0,49.104504840284385,Wind Onshore,196.36541895944669
0.03,2284.6078357263254,45,30.0,0.048468296354239965,0.031395,0,45.39035858227579,Wind Onshore,182.4563126378303
0.03,1692.3039178631627,25,25.0,0.05455647748717143,0.031395,0,65.4727434300095,Wind Onshore,145.45602209766764
0.03,1692.3039178631627,25,30.0,0.048468296354239965,0.031395,0,60.5205431012806,Wind Onshore,135.15296931374712
0.03,1692.3039178631627,30,25.0,0.05455647748717143,0.031395,0,54.560619525007915,Wind Onshore,145.45602209766764
0.03,1692.3039178631627,30,30.0,0.048468296354239965,0.031395,0,50.43378591773383,Wind Onshore,135.15296931374712
0.03,1692.3039178631627,35,25.0,0.05455647748717143,0.031395,0,46.766245307149646,Wind Onshore,145.45602209766764
0.03,1692.3039178631627,35,30.0,0.048468296354239965,0.031395,0,43.22895935805757,Wind Onshore,135.15296931374712
0.03,1100.0,25,25.0,0.05455647748717143,0.031395,0,42.55737814750712,Wind Onshore,94.54662523588857
0.03,1100.0,25,30.0,0.048468296354239965,0.031395,0,39.338440754464784,Wind Onshore,87.84962598966396
0.03,1100.0,30,25.0,0.05455647748717143,0.031395,0,35.464481789589264,Wind Onshore,94.54662523588857
0.03,1100.0,30,30.0,0.048468296354239965,0.031395,0,32.78203396205398,Wind Onshore,87.84962598966396
0.03,1100.0,35,25.0,0.05455647748717143,0.031395,0,30.398127248219375,Wind Onshore,94.54662523588857
0.03,1100.0,35,30.0,0.048468296354239965,0.031395,0,28.098886253189132,Wind Onshore,87.84962598966396
0.1,2284.6078357263254,30,25.0,0.1046596685805198,0.029209999999999996,0,117.85383561629898,Wind Onshore,305.8396938051418
0.1,2284.6078357263254,30,30.0,0.1007752858400022,0.029209999999999996,0,114.29928492898561,Wind Onshore,296.9654025591952
0.1,2284.6078357263254,35,25.0,0.1046596685805198,0.029209999999999996,0,101.01757338539915,Wind Onshore,305.8396938051418
0.1,2284.6078357263254,35,30.0,0.1007752858400022,0.029209999999999996,0,97.97081565341625,Wind Onshore,296.9654025591952
0.1,2284.6078357263254,45,25.0,0.1046596685805198,0.029209999999999996,0,78.56922374419933,Wind Onshore,305.8396938051418
0.1,2284.6078357263254,45,30.0,0.1007752858400022,0.029209999999999996,0,76.19952328599042,Wind Onshore,296.9654025591952
0.1,1692.3039178631627,25,25.0,0.1046596685805198,0.029209999999999996,0,104.75907749056088,Wind Onshore,226.54816462185678
0.1,1692.3039178631627,25,30.0,0.1007752858400022,0.029209999999999996,0,101.59947348659166,Wind Onshore,219.9746084915988
0.1,1692.3039178631627,30,25.0,0.1046596685805198,0.029209999999999996,0,87.29923124213407,Wind Onshore,226.54816462185678
0.1,1692.3039178631627,30,30.0,0.1007752858400022,0.029209999999999996,0,84.66622790549305,Wind Onshore,219.9746084915988
0.1,1692.3039178631627,35,25.0,0.1046596685805198,0.029209999999999996,0,74.82791249325778,Wind Onshore,226.54816462185678
0.1,1692.3039178631627,35,30.0,0.1007752858400022,0.029209999999999996,0,72.57105249042262,Wind Onshore,219.9746084915988
0.1,1100.0,25,25.0,0.1046596685805198,0.029209999999999996,0,68.09355224156297,Wind Onshore,147.25663543857178
0.1,1100.0,25,30.0,0.1007752858400022,0.029209999999999996,0,66.0398050584006,Wind Onshore,142.98381442400242
0.1,1100.0,30,25.0,0.1046596685805198,0.029209999999999996,0,56.744626867969146,Wind Onshore,147.25663543857178
0.1,1100.0,30,30.0,0.1007752858400022,0.029209999999999996,0,55.0331708820005,Wind Onshore,142.98381442400242
0.1,1100.0,35,25.0,0.1046596685805198,0.029209999999999996,0,48.638251601116416,Wind Onshore,147.25663543857178
0.1,1100.0,35,30.0,0.1007752858400022,0.029209999999999996,0,47.171289327429,Wind Onshore,142.98381442400242
0.06,2284.6078357263254,30,25.0,0.07431538230166025,0.029209999999999996,0,90.08615388826674,Wind Onshore,236.51489960293645
0.06,2284.6078357263254,30,30.0,0.06901646591554483,0.029209999999999996,0,85.23718092640743,Wind Onshore,224.40895370635855
0.06,2284.6078357263254,35,25.0,0.07431538230166025,0.029209999999999996,0,77.21670333280007,Wind Onshore,236.51489960293645
0.06,2284.6078357263254,35,30.0,0.06901646591554483,0.029209999999999996,0,73.06044079406352,Wind Onshore,224.40895370635855
0.06,2284.6078357263254,45,25.0,0.07431538230166025,0.029209999999999996,0,60.057435925511164,Wind Onshore,236.51489960293645
0.06,2284.6078357263254,45,30.0,0.06901646591554483,0.029209999999999996,0,56.82478728427163,Wind Onshore,224.40895370635855
0.06,1692.3039178631627,25,25.0,0.07431538230166025,0.029209999999999996,0,80.07666722645351,Wind Onshore,175.19641006738138
0.06,1692.3039178631627,25,30.0,0.06901646591554483,0.029209999999999996,0,75.76646440950928,Wind Onshore,166.22903310672893
0.06,1692.3039178631627,30,25.0,0.07431538230166025,0.029209999999999996,0,66.73055602204458,Wind Onshore,175.19641006738138
0.06,1692.3039178631627,30,30.0,0.06901646591554483,0.029209999999999996,0,63.13872034125773,Wind Onshore,166.22903310672893
0.06,1692.3039178631627,35,25.0,0.07431538230166025,0.029209999999999996,0,57.19761944746679,Wind Onshore,175.19641006738138
0.06,1692.3039178631627,35,30.0,0.06901646591554483,0.029209999999999996,0,54.11890314964949,Wind Onshore,166.22903310672893
0.06,1100.0,25,25.0,0.07431538230166025,0.029209999999999996,0,52.04994978698692,Wind Onshore,113.87792053182628
0.06,1100.0,25,30.0,0.06901646591554483,0.029209999999999996,0,49.24831170732964,Wind Onshore,108.04911250709932
0.06,1100.0,30,25.0,0.07431538230166025,0.029209999999999996,0,43.37495815582243,Wind Onshore,113.87792053182628
0.06,1100.0,30,30.0,0.06901646591554483,0.029209999999999996,0,41.04025975610803,Wind Onshore,108.04911250709932
0.06,1100.0,35,25.0,0.07431538230166025,0.029209999999999996,0,37.17853556213352,Wind Onshore,113.87792053182628
0.06,1100.0,35,30.0,0.06901646591554483,0.029209999999999996,0,35.17736550523546,Wind Onshore,108.04911250709932
0.04,2284.6078357263254,30,25.0,0.06081136464713184,0.029209999999999996,0,77.72879405997136,Wind Onshore,205.6635150556142
0.04,2284.6078357263254,30,30.0,0.05493859417697823,0.029209999999999996,0,72.35469431089858,Wind Onshore,192.2465376220791
0.04,2284.6078357263254,35,25.0,0.06081136464713184,0.029209999999999996,0,66.6246806228326,Wind Onshore,205.6635150556142
0.04,2284.6078357263254,35,30.0,0.05493859417697823,0.029209999999999996,0,62.01830940934165,Wind Onshore,192.2465376220791
0.04,2284.6078357263254,45,25.0,0.06081136464713184,0.029209999999999996,0,51.819196039980916,Wind Onshore,205.6635150556142
0.04,2284.6078357263254,45,30.0,0.05493859417697823,0.029209999999999996,0,48.23646287393239,Wind Onshore,192.2465376220791
0.04,1692.3039178631627,25,25.0,0.06081136464713184,0.029209999999999996,0,69.09233558326594,Wind Onshore,152.34350808372963
0.04,1692.3039178631627,25,30.0,0.05493859417697823,0.029209999999999996,0,64.31535289864587,Wind Onshore,142.4049956083776
0.04,1692.3039178631627,30,25.0,0.06081136464713184,0.029209999999999996,0,57.57694631938827,Wind Onshore,152.34350808372963
0.04,1692.3039178631627,30,30.0,0.05493859417697823,0.029209999999999996,0,53.59612741553822,Wind Onshore,142.4049956083776
0.04,1692.3039178631627,35,25.0,0.06081136464713184,0.029209999999999996,0,49.35166827376138,Wind Onshore,152.34350808372963
0.04,1692.3039178631627,35,30.0,0.05493859417697823,0.029209999999999996,0,45.93953778474705,Wind Onshore,142.4049956083776
0.04,1100.0,25,25.0,0.06081136464713184,0.029209999999999996,0,44.91011829456623,Wind Onshore,99.02350111184501
0.04,1100.0,25,30.0,0.05493859417697823,0.029209999999999996,0,41.805072624213444,Wind Onshore,92.56345359467605
0.04,1100.0,30,25.0,0.06081136464713184,0.029209999999999996,0,37.42509857880519,Wind Onshore,99.02350111184501
0.04,1100.0,30,30.0,0.05493859417697823,0.029209999999999996,0,34.83756052017787,Wind Onshore,92.56345359467605
0.04,1100.0,35,25.0,0.06081136464713184,0.029209999999999996,0,32.07865592469017,Wind Onshore,99.02350111184501
0.04,1100.0,35,30.0,0.05493859417697823,0.029209999999999996,0,29.86076616015246,Wind Onshore,92.56345359467605
0.1,2284.6078357263254,30,25.0,0.1046596685805198,0.031395,0,119.50556883086519,Wind Onshore,310.83156192620385
0.1,2284.6078357263254,30,30.0,0.1007752858400022,0.031395,0,115.95101814355182,Wind Onshore,301.95727068025724
0.1,2284.6078357263254,35,25.0,0.1046596685805198,0.031395,0,102.43334471217018,Wind Onshore,310.83156192620385
0.1,2284.6078357263254,35,30.0,0.1007752858400022,0.031395,0,99.38658698018729,Wind Onshore,301.95727068025724
0.1,2284.6078357263254,45,25.0,0.1046596685805198,0.031395,0,79.6703792205768,Wind Onshore,310.83156192620385
0.1,2284.6078357263254,45,30.0,0.1007752858400022,0.031395,0,77.3006787623679,Wind Onshore,301.95727068025724
0.1,1692.3039178631627,25,25.0,0.1046596685805198,0.031395,0,106.22728636907229,Wind Onshore,230.24584868238782
0.1,1692.3039178631627,25,30.0,0.1007752858400022,0.031395,0,103.06768236510308,Wind Onshore,223.67229255212982
0.1,1692.3039178631627,30,25.0,0.1046596685805198,0.031395,0,88.52273864089358,Wind Onshore,230.24584868238782
0.1,1692.3039178631627,30,30.0,0.1007752858400022,0.031395,0,85.88973530425255,Wind Onshore,223.67229255212982
0.1,1692.3039178631627,35,25.0,0.1046596685805198,0.031395,0,75.87663312076593,Wind Onshore,230.24584868238782
0.1,1692.3039178631627,35,30.0,0.1007752858400022,0.031395,0,73.61977311793078,Wind Onshore,223.67229255212982
0.1,1100.0,25,25.0,0.1046596685805198,0.031395,0,69.04789014110635,Wind Onshore,149.66013543857179
0.1,1100.0,25,30.0,0.1007752858400022,0.031395,0,66.99414295794396,Wind Onshore,145.38731442400243
0.1,1100.0,30,25.0,0.1046596685805198,0.031395,0,57.539908450921956,Wind Onshore,149.66013543857179
0.1,1100.0,30,30.0,0.1007752858400022,0.031395,0,55.8284524649533,Wind Onshore,145.38731442400243
0.1,1100.0,35,25.0,0.1046596685805198,0.031395,0,49.31992152936168,Wind Onshore,149.66013543857179
0.1,1100.0,35,30.0,0.1007752858400022,0.031395,0,47.852959255674264,Wind Onshore,145.38731442400243
0.06,2284.6078357263254,30,25.0,0.07431538230166025,0.031395,0,91.73788710283296,Wind Onshore,241.5067677239985
0.06,2284.6078357263254,30,30.0,0.06901646591554483,0.031395,0,86.88891414097367,Wind Onshore,229.4008218274206
0.06,2284.6078357263254,35,25.0,0.07431538230166025,0.031395,0,78.63247465957112,Wind Onshore,241.5067677239985
0.06,2284.6078357263254,35,30.0,0.06901646591554483,0.031395,0,74.47621212083457,Wind Onshore,229.4008218274206
0.06,2284.6078357263254,45,25.0,0.07431538230166025,0.031395,0,61.15859140188864,Wind Onshore,241.5067677239985
0.06,2284.6078357263254,45,30.0,0.06901646591554483,0.031395,0,57.925942760649114,Wind Onshore,229.4008218274206
0.06,1692.3039178631627,25,25.0,0.07431538230166025,0.031395,0,81.54487610496493,Wind Onshore,178.89409412791238
0.06,1692.3039178631627,25,30.0,0.06901646591554483,0.031395,0,77.23467328802072,Wind Onshore,169.92671716725994
0.06,1692.3039178631627,30,25.0,0.07431538230166025,0.031395,0,67.9540634208041,Wind Onshore,178.89409412791238
0.06,1692.3039178631627,30,30.0,0.06901646591554483,0.031395,0,64.36222774001726,Wind Onshore,169.92671716725994
0.06,1692.3039178631627,35,25.0,0.07431538230166025,0.031395,0,58.246340074974945,Wind Onshore,178.89409412791238
0.06,1692.3039178631627,35,30.0,0.06901646591554483,0.031395,0,55.16762377715766,Wind Onshore,169.92671716725994
0.06,1100.0,25,25.0,0.07431538230166025,0.031395,0,53.0042876865303,Wind Onshore,116.28142053182629
0.06,1100.0,25,30.0,0.06901646591554483,0.031395,0,50.202649606873024,Wind Onshore,110.45261250709933
0.06,1100.0,30,25.0,0.07431538230166025,0.031395,0,44.170239738775244,Wind Onshore,116.28142053182629
0.06,1100.0,30,30.0,0.06901646591554483,0.031395,0,41.83554133906085,Wind Onshore,110.45261250709933
0.06,1100.0,35,25.0,0.07431538230166025,0.031395,0,37.86020549037879,Wind Onshore,116.28142053182629
0.06,1100.0,35,30.0,0.06901646591554483,0.031395,0,35.859035433480734,Wind Onshore,110.45261250709933
0.04,2284.6078357263254,30,25.0,0.06081136464713184,0.031395,0,79.38052727453757,Wind Onshore,210.65538317667625
0.04,2284.6078357263254,30,30.0,0.05493859417697823,0.031395,0,74.0064275254648,Wind Onshore,197.23840574314113
0.04,2284.6078357263254,35,25.0,0.06081136464713184,0.031395,0,68.04045194960364,Wind Onshore,210.65538317667625
0.04,2284.6078357263254,35,30.0,0.05493859417697823,0.031395,0,63.43408073611269,Wind Onshore,197.23840574314113
0.04,2284.6078357263254,45,25.0,0.06081136464713184,0.031395,0,52.92035151635839,Wind Onshore,210.65538317667625
0.04,2284.6078357263254,45,30.0,0.05493859417697823,0.031395,0,49.337618350309874,Wind Onshore,197.23840574314113
0.04,1692.3039178631627,25,25.0,0.06081136464713184,0.031395,0,70.56054446177735,Wind Onshore,156.04119214426063
0.04,1692.3039178631627,25,30.0,0.05493859417697823,0.031395,0,65.78356177715729,Wind Onshore,146.1026796689086
0.04,1692.3039178631627,30,25.0,0.06081136464713184,0.031395,0,58.80045371814779,Wind Onshore,156.04119214426063
0.04,1692.3039178631627,30,30.0,0.05493859417697823,0.031395,0,54.819634814297736,Wind Onshore,146.1026796689086
0.04,1692.3039178631627,35,25.0,0.06081136464713184,0.031395,0,50.40038890126954,Wind Onshore,156.04119214426063
0.04,1692.3039178631627,35,30.0,0.05493859417697823,0.031395,0,46.988258412255206,Wind Onshore,146.1026796689086
0.04,1100.0,25,25.0,0.06081136464713184,0.031395,0,45.86445619410961,Wind Onshore,101.42700111184502
0.04,1100.0,25,30.0,0.05493859417697823,0.031395,0,42.75941052375682,Wind Onshore,94.96695359467606
0.04,1100.0,30,25.0,0.06081136464713184,0.031395,0,38.220380161758,Wind Onshore,101.42700111184502
0.04,1100.0,30,30.0,0.05493859417697823,0.031395,0,35.632842103130685,Wind Onshore,94.96695359467606
0.04,1100.0,35,25.0,0.06081136464713184,0.031395,0,32.76032585293543,Wind Onshore,101.42700111184502
0.04,1100.0,35,30.0,0.05493859417697823,0.031395,0,30.542436088397732,Wind Onshore,94.96695359467606
0.07,4721.4776356951015,30,25.0,0.08151999135963232,0.022,0,215.21433534166005,Wind Offshore,488.7673240518542
0.07,4721.4776356951015,30,30.0,0.07655708333555564,0.022,0,204.78581511250843,Wind Offshore,465.33506480816436
0.07,4721.4776356951015,35,25.0,0.08151999135963232,0.022,0,184.46943029285148,Wind Offshore,488.7673240518542
0.07,4721.4776356951015,35,30.0,0.07655708333555564,0.022,0,175.53069866786439,Wind Offshore,465.33506480816436
0.07,4721.4776356951015,45,25.0,0.08151999135963232,0.022,0,143.4762235611067,Wind Offshore,488.7673240518542
0.07,4721.4776356951015,45,30.0,0.07655708333555564,0.022,0,136.5238767416723,Wind Offshore,465.33506480816436
0.07,3418.2388178475508,25,25.0,0.08151999135963232,0.022,0,186.97214354941707,Wind Offshore,353.85605288873825
0.07,3418.2388178475508,25,30.0,0.07655708333555564,0.022,0,177.91213935314693,Wind Offshore,336.8916480314322
0.07,3418.2388178475508,30,25.0,0.08151999135963232,0.022,0,155.81011962451421,Wind Offshore,353.85605288873825
0.07,3418.2388178475508,30,30.0,0.07655708333555564,0.022,0,148.26011612762244,Wind Offshore,336.8916480314322
0.07,3418.2388178475508,35,25.0,0.08151999135963232,0.022,0,133.5515311067265,Wind Offshore,353.85605288873825
0.07,3418.2388178475508,35,30.0,0.07655708333555564,0.022,0,127.0800995379621,Wind Offshore,336.8916480314322
0.07,2115.0,25,25.0,0.08151999135963232,0.022,0,115.6870846888421,Wind Offshore,218.94478172562236
0.07,2115.0,25,30.0,0.07655708333555564,0.022,0,110.0813005712837,Wind Offshore,208.44823125470018
0.07,2115.0,30,25.0,0.08151999135963232,0.022,0,96.40590390736841,Wind Offshore,218.94478172562236
0.07,2115.0,30,30.0,0.07655708333555564,0.022,0,91.73441714273642,Wind Offshore,208.44823125470018
0.07,2115.0,35,25.0,0.08151999135963232,0.022,0,82.6336319206015,Wind Offshore,218.94478172562236
0.07,2115.0,35,30.0,0.07655708333555564,0.022,0,78.6295004080598,Wind Offshore,208.44823125470018
0.05,4721.4776356951015,30,25.0,0.06740483443426815,0.022,0,185.55426531422992,Wind Offshore,422.1229263044204
0.05,4721.4776356951015,30,30.0,0.06179886332626275,0.022,0,173.77448160269316,Wind Offshore,395.65445909161997
0.05,4721.4776356951015,35,25.0,0.06740483443426815,0.022,0,159.0465131264828,Wind Offshore,422.1229263044204
0.05,4721.4776356951015,35,30.0,0.06179886332626275,0.022,0,148.94955565945128,Wind Offshore,395.65445909161997
0.05,4721.4776356951015,45,25.0,0.06740483443426815,0.022,0,123.70284354281996,Wind Offshore,422.1229263044204
0.05,4721.4776356951015,45,30.0,0.06179886332626275,0.022,0,115.84965440179545,Wind Offshore,395.65445909161997
0.05,3418.2388178475508,25,25.0,0.06740483443426815,0.022,0,161.20431139246253,Wind Offshore,305.60707556644877
0.05,3418.2388178475508,25,30.0,0.06179886332626275,0.022,0,150.97036760057708,Wind Offshore,286.44452751333284
0.05,3418.2388178475508,30,25.0,0.06740483443426815,0.022,0,134.33692616038542,Wind Offshore,305.60707556644877
0.05,3418.2388178475508,30,30.0,0.06179886332626275,0.022,0,125.80863966714756,Wind Offshore,286.44452751333284
0.05,3418.2388178475508,35,25.0,0.06740483443426815,0.022,0,115.1459367089018,Wind Offshore,305.60707556644877
0.05,3418.2388178475508,35,30.0,0.06179886332626275,0.022,0,107.83597685755507,Wind Offshore,286.44452751333284
0.05,2115.0,25,25.0,0.06740483443426815,0.022,0,99.74350440784916,Wind Offshore,189.09122482847712
0.05,2115.0,25,30.0,0.06179886332626275,0.022,0,93.41135727792236,Wind Offshore,177.23459593504572
0.05,2115.0,30,25.0,0.06740483443426815,0.022,0,83.11958700654095,Wind Offshore,189.09122482847712
0.05,2115.0,30,30.0,0.06179886332626275,0.022,0,77.84279773160196,Wind Offshore,177.23459593504572
0.05,2115.0,35,25.0,0.06740483443426815,0.022,0,71.24536029132082,Wind Offshore,189.09122482847712
0.05,2115.0,35,30.0,0.06179886332626275,0.022,0,66.72239805565883,Wind Offshore,177.23459593504572
0.03,4721.4776356951015,30,25.0,0.05455647748717143,0.022,0,158.55611227892638,Wind Offshore,361.45969632327547
0.03,4721.4776356951015,30,30.0,0.048468296354239965,0.022,0,145.76306437324277,Wind Offshore,332.71448526207865
0.03,4721.4776356951015,35,25.0,0.05455647748717143,0.022,0,135.9052390962226,Wind Offshore,361.45969632327547
0.03,4721.4776356951015,35,30.0,0.048468296354239965,0.022,0,124.93976946277952,Wind Offshore,332.71448526207865
0.03,4721.4776356951015,45,25.0,0.05455647748717143,0.022,0,105.7040748526176,Wind Offshore,361.45969632327547
0.03,4721.4776356951015,45,30.0,0.048468296354239965,0.022,0,97.17537624882851,Wind Offshore,332.71448526207865
0.03,3418.2388178475508,25,25.0,0.05455647748717143,0.022,0,137.7490776280751,Wind Offshore,261.6883231043215
0.03,3418.2388178475508,25,30.0,0.048468296354239965,0.022,0,126.6348384875515,Wind Offshore,240.8774660256481
0.03,3418.2388178475508,30,25.0,0.05455647748717143,0.022,0,114.79089802339591,Wind Offshore,261.6883231043215
0.03,3418.2388178475508,30,30.0,0.048468296354239965,0.022,0,105.52903207295958,Wind Offshore,240.8774660256481
0.03,3418.2388178475508,35,25.0,0.05455647748717143,0.022,0,98.39219830576793,Wind Offshore,261.6883231043215
0.03,3418.2388178475508,35,30.0,0.048468296354239965,0.022,0,90.45345606253679,Wind Offshore,240.8774660256481
0.03,2115.0,25,25.0,0.05455647748717143,0.022,0,85.23082052143853,Wind Offshore,161.91694988536756
0.03,2115.0,25,30.0,0.048468296354239965,0.022,0,78.3539997272117,Wind Offshore,149.04044678921753
0.03,2115.0,30,25.0,0.05455647748717143,0.022,0,71.02568376786544,Wind Offshore,161.91694988536756
0.03,2115.0,30,30.0,0.048468296354239965,0.022,0,65.29499977267642,Wind Offshore,149.04044678921753
0.03,2115.0,35,25.0,0.05455647748717143,0.022,0,60.87915751531324,Wind Offshore,161.91694988536756
0.03,2115.0,35,30.0,0.048468296354239965,0.022,0,55.96714266229407,Wind Offshore,149.04044678921753
0.07,4721.4776356951015,30,25.0,0.08151999135963232,0.0269,0,224.9958508223407,Wind Offshore,511.90256446676017
0.07,4721.4776356951015,30,30.0,0.07655708333555564,0.0269,0,214.5673305931891,Wind Offshore,488.47030522307034
0.07,4721.4776356951015,35,25.0,0.08151999135963232,0.0269,0,192.85358641914922,Wind Offshore,511.90256446676017
0.07,4721.4776356951015,35,30.0,0.07655708333555564,0.0269,0,183.91485479416212,Wind Offshore,488.47030522307034
0.07,4721.4776356951015,45,25.0,0.08151999135963232,0.0269,0,149.9972338815605,Wind Offshore,511.90256446676017
0.07,4721.4776356951015,45,30.0,0.07655708333555564,0.0269,0,143.0448870621261,Wind Offshore,488.47030522307034
0.07,3418.2388178475508,25,25.0,0.08151999135963232,0.0269,0,195.47004827161544,Wind Offshore,370.60542309619126
0.07,3418.2388178475508,25,30.0,0.07655708333555564,0.0269,0,186.4100440753453,Wind Offshore,353.64101823888524
0.07,3418.2388178475508,30,25.0,0.08151999135963232,0.0269,0,162.89170689301284,Wind Offshore,370.60542309619126
0.07,3418.2388178475508,30,30.0,0.07655708333555564,0.0269,0,155.34170339612106,Wind Offshore,353.64101823888524
0.07,3418.2388178475508,35,25.0,0.08151999135963232,0.0269,0,139.62146305115388,Wind Offshore,370.60542309619126
0.07,3418.2388178475508,35,30.0,0.07655708333555564,0.0269,0,133.1500314823895,Wind Offshore,353.64101823888524
0.07,2115.0,25,25.0,0.08151999135963232,0.0269,0,120.94507555642198,Wind Offshore,229.30828172562235
0.07,2115.0,25,30.0,0.07655708333555564,0.0269,0,115.33929143886361,Wind Offshore,218.8117312547002
0.07,2115.0,30,25.0,0.08151999135963232,0.0269,0,100.78756296368499,Wind Offshore,229.30828172562235
0.07,2115.0,30,30.0,0.07655708333555564,0.0269,0,96.116076199053,Wind Offshore,218.8117312547002
0.07,2115.0,35,25.0,0.08151999135963232,0.0269,0,86.38933968315857,Wind Offshore,229.30828172562235
0.07,2115.0,35,30.0,0.07655708333555564,0.0269,0,82.38520817061686,Wind Offshore,218.8117312547002
0.05,4721.4776356951015,30,25.0,0.06740483443426815,0.0269,0,195.33578079491056,Wind Offshore,445.25816671932637
0.05,4721.4776356951015,30,30.0,0.06179886332626275,0.0269,0,183.55599708337388,Wind Offshore,418.789699506526
0.05,4721.4776356951015,35,25.0,0.06740483443426815,0.0269,0,167.4306692527805,Wind Offshore,445.25816671932637
0.05,4721.4776356951015,35,30.0,0.06179886332626275,0.0269,0,157.33371178574907,Wind Offshore,418.789699506526
0.05,4721.4776356951015,45,25.0,0.06740483443426815,0.0269,0,130.22385386327372,Wind Offshore,445.25816671932637
0.05,4721.4776356951015,45,30.0,0.06179886332626275,0.0269,0,122.37066472224927,Wind Offshore,418.789699506526
0.05,3418.2388178475508,25,25.0,0.06740483443426815,0.0269,0,169.70221611466087,Wind Offshore,322.3564457739017
0.05,3418.2388178475508,25,30.0,0.06179886332626275,0.0269,0,159.4682723227755,Wind Offshore,303.19389772078586
0.05,3418.2388178475508,30,25.0,0.06740483443426815,0.0269,0,141.41851342888404,Wind Offshore,322.3564457739017
0.05,3418.2388178475508,30,30.0,0.06179886332626275,0.0269,0,132.89022693564624,Wind Offshore,303.19389772078586
0.05,3418.2388178475508,35,25.0,0.06740483443426815,0.0269,0,121.2158686533292,Wind Offshore,322.3564457739017
0.05,3418.2388178475508,35,30.0,0.06179886332626275,0.0269,0,113.90590880198249,Wind Offshore,303.19389772078586
0.05,2115.0,25,25.0,0.06740483443426815,0.0269,0,105.00149527542904,Wind Offshore,199.45472482847714
0.05,2115.0,25,30.0,0.06179886332626275,0.0269,0,98.66934814550227,Wind Offshore,187.5980959350457
0.05,2115.0,30,25.0,0.06740483443426815,0.0269,0,87.50124606285753,Wind Offshore,199.45472482847714
0.05,2115.0,30,30.0,0.06179886332626275,0.0269,0,82.22445678791856,Wind Offshore,187.5980959350457
0.05,2115.0,35,25.0,0.06740483443426815,0.0269,0,75.00106805387789,Wind Offshore,199.45472482847714
0.05,2115.0,35,30.0,0.06179886332626275,0.0269,0,70.47810581821591,Wind Offshore,187.5980959350457
0.03,4721.4776356951015,30,25.0,0.05455647748717143,0.0269,0,168.33762775960705,Wind Offshore,384.59493673818145
0.03,4721.4776356951015,30,30.0,0.048468296354239965,0.0269,0,155.54457985392344,Wind Offshore,355.8497256769847
0.03,4721.4776356951015,35,25.0,0.05455647748717143,0.0269,0,144.28939522252034,Wind Offshore,384.59493673818145
0.03,4721.4776356951015,35,30.0,0.048468296354239965,0.0269,0,133.32392558907725,Wind Offshore,355.8497256769847
0.03,4721.4776356951015,45,25.0,0.05455647748717143,0.0269,0,112.22508517307139,Wind Offshore,384.59493673818145
0.03,4721.4776356951015,45,30.0,0.048468296354239965,0.0269,0,103.6963865692823,Wind Offshore,355.8497256769847
0.03,3418.2388178475508,25,25.0,0.05455647748717143,0.0269,0,146.24698235027347,Wind Offshore,278.43769331177447
0.03,3418.2388178475508,25,30.0,0.048468296354239965,0.0269,0,135.13274320974986,Wind Offshore,257.6268362331011
0.03,3418.2388178475508,30,25.0,0.05455647748717143,0.0269,0,121.87248529189455,Wind Offshore,278.43769331177447
0.03,3418.2388178475508,30,30.0,0.048468296354239965,0.0269,0,112.6106193414582,Wind Offshore,257.6268362331011
0.03,3418.2388178475508,35,25.0,0.05455647748717143,0.0269,0,104.46213025019533,Wind Offshore,278.43769331177447
0.03,3418.2388178475508,35,30.0,0.048468296354239965,0.0269,0,96.52338800696418,Wind Offshore,257.6268362331011
0.03,2115.0,25,25.0,0.05455647748717143,0.0269,0,90.48881138901842,Wind Offshore,172.28044988536757
0.03,2115.0,25,30.0,0.048468296354239965,0.0269,0,83.61199059479159,Wind Offshore,159.4039467892175
0.03,2115.0,30,25.0,0.05455647748717143,0.0269,0,75.40734282418201,Wind Offshore,172.28044988536757
0.03,2115.0,30,30.0,0.048468296354239965,0.0269,0,69.67665882899298,Wind Offshore,159.4039467892175
0.03,2115.0,35,25.0,0.05455647748717143,0.0269,0,64.6348652778703,Wind Offshore,172.28044988536757
0.03,2115.0,35,30.0,0.048468296354239965,0.0269,0,59.72285042485114,Wind Offshore,159.4039467892175
0.1,4721.4776356951015,30,25.0,0.1046596685805198,0.022,0,263.8375600364109,Wind Offshore,598.0207925474778
0.1,4721.4776356951015,30,30.0,0.1007752858400022,0.022,0,255.67533664022147,Wind Offshore,579.6807663096439
0.1,4721.4776356951015,35,25.0,0.1046596685805198,0.022,0,226.14648003120936,Wind Offshore,598.0207925474778
0.1,4721.4776356951015,35,30.0,0.1007752858400022,0.022,0,219.1502885487613,Wind Offshore,579.6807663096439
0.1,4721.4776356951015,45,25.0,0.1046596685805198,0.022,0,175.89170669094062,Wind Offshore,598.0207925474778
0.1,4721.4776356951015,45,30.0,0.1007752858400022,0.022,0,170.45022442681434,Wind Offshore,579.6807663096439
0.1,3418.2388178475508,25,25.0,0.1046596685805198,0.022,0,229.21462954845592,Wind Offshore,432.95299579763855
0.1,3418.2388178475508,25,30.0,0.1007752858400022,0.022,0,222.12352011054605,Wind Offshore,419.67524793062427
0.1,3418.2388178475508,30,25.0,0.1046596685805198,0.022,0,191.01219129037992,Wind Offshore,432.95299579763855
0.1,3418.2388178475508,30,30.0,0.1007752858400022,0.022,0,185.10293342545503,Wind Offshore,419.67524793062427
0.1,3418.2388178475508,35,25.0,0.1046596685805198,0.022,0,163.72473539175422,Wind Offshore,432.95299579763855
0.1,3418.2388178475508,35,30.0,0.1007752858400022,0.022,0,158.6596572218186,Wind Offshore,419.67524793062427
0.1,2115.0,25,25.0,0.1046596685805198,0.022,0,141.8241870532187,Wind Offshore,267.88519904779935
0.1,2115.0,25,30.0,0.1007752858400022,0.022,0,137.43663625282633,Wind Offshore,259.66972955160463
0.1,2115.0,30,25.0,0.1046596685805198,0.022,0,118.18682254434891,Wind Offshore,267.88519904779935
0.1,2115.0,30,30.0,0.1007752858400022,0.022,0,114.5305302106886,Wind Offshore,259.66972955160463
0.1,2115.0,35,25.0,0.1046596685805198,0.022,0,101.30299075229908,Wind Offshore,267.88519904779935
0.1,2115.0,35,30.0,0.1007752858400022,0.022,0,98.16902589487594,Wind Offshore,259.66972955160463
0.06,4721.4776356951015,30,25.0,0.07431538230166025,0.022,0,200.07534607575104,Wind Offshore,454.7509235107127
0.06,4721.4776356951015,30,30.0,0.06901646591554483,0.022,0,188.9407740754029,Wind Offshore,429.73220830025036
0.06,4721.4776356951015,35,25.0,0.07431538230166025,0.022,0,171.4931537792152,Wind Offshore,454.7509235107127
0.06,4721.4776356951015,35,30.0,0.06901646591554483,0.022,0,161.94923492177395,Wind Offshore,429.73220830025036
0.06,4721.4776356951015,45,25.0,0.07431538230166025,0.022,0,133.3835640505007,Wind Offshore,454.7509235107127
0.06,4721.4776356951015,45,30.0,0.06901646591554483,0.022,0,125.96051605026862,Wind Offshore,429.73220830025036
0.06,3418.2388178475508,25,25.0,0.07431538230166025,0.022,0,173.81981673194463,Wind Offshore,329.22897853936206
0.06,3418.2388178475508,25,30.0,0.06901646591554483,0.022,0,164.14641467392005,Wind Offshore,311.1160168558139
0.06,3418.2388178475508,30,25.0,0.07431538230166025,0.022,0,144.84984727662052,Wind Offshore,329.22897853936206
0.06,3418.2388178475508,30,30.0,0.06901646591554483,0.022,0,136.78867889493335,Wind Offshore,311.1160168558139
0.06,3418.2388178475508,35,25.0,0.07431538230166025,0.022,0,124.15701195138902,Wind Offshore,329.22897853936206
0.06,3418.2388178475508,35,30.0,0.06901646591554483,0.022,0,117.24743905280005,Wind Offshore,311.1160168558139
0.06,2115.0,25,25.0,0.07431538230166025,0.022,0,107.54921817298802,Wind Offshore,203.70703356801144
0.06,2115.0,25,30.0,0.06901646591554483,0.022,0,101.5639004573566,Wind Offshore,192.49982541137732
0.06,2115.0,30,25.0,0.07431538230166025,0.022,0,89.62434847749002,Wind Offshore,203.70703356801144
0.06,2115.0,30,30.0,0.06901646591554483,0.022,0,84.63658371446382,Wind Offshore,192.49982541137732
0.06,2115.0,35,25.0,0.07431538230166025,0.022,0,76.82087012356288,Wind Offshore,203.70703356801144
0.06,2115.0,35,30.0,0.06901646591554483,0.022,0,72.54564318382614,Wind Offshore,192.49982541137732
0.04,4721.4776356951015,30,25.0,0.06081136464713184,0.022,0,171.69945826927304,Wind Offshore,390.99200616282496
0.04,4721.4776356951015,30,30.0,0.05493859417697823,0.022,0,159.35905112248633,Wind Offshore,363.26385172842413
0.04,4721.4776356951015,35,25.0,0.06081136464713184,0.022,0,147.17096423080545,Wind Offshore,390.99200616282496
0.04,4721.4776356951015,35,30.0,0.05493859417697823,0.022,0,136.59347239070257,Wind Offshore,363.26385172842413
0.04,4721.4776356951015,45,25.0,0.06081136464713184,0.022,0,114.46630551284869,Wind Offshore,390.99200616282496
0.04,4721.4776356951015,45,30.0,0.05493859417697823,0.022,0,106.23936741499091,Wind Offshore,363.26385172842413
0.04,3418.2388178475508,25,25.0,0.06081136464713184,0.022,0,149.1676458629721,Wind Offshore,283.06902119575443
0.04,3418.2388178475508,25,30.0,0.05493859417697823,0.022,0,138.44664824520504,Wind Offshore,262.99448920636655
0.04,3418.2388178475508,30,25.0,0.06081136464713184,0.022,0,124.30637155247673,Wind Offshore,283.06902119575443
0.04,3418.2388178475508,30,30.0,0.05493859417697823,0.022,0,115.3722068710042,Wind Offshore,262.99448920636655
0.04,3418.2388178475508,35,25.0,0.06081136464713184,0.022,0,106.5483184735515,Wind Offshore,283.06902119575443
0.04,3418.2388178475508,35,30.0,0.05493859417697823,0.022,0,98.89046303228932,Wind Offshore,262.99448920636655
0.04,2115.0,25,25.0,0.06081136464713184,0.022,0,92.29594180281654,Wind Offshore,175.14603622868384
0.04,2115.0,25,30.0,0.05493859417697823,0.022,0,85.66243514342649,Wind Offshore,162.72512668430895
0.04,2115.0,30,25.0,0.06081136464713184,0.022,0,76.91328483568044,Wind Offshore,175.14603622868384
0.04,2115.0,30,30.0,0.05493859417697823,0.022,0,71.38536261952207,Wind Offshore,162.72512668430895
0.04,2115.0,35,25.0,0.06081136464713184,0.022,0,65.92567271629753,Wind Offshore,175.14603622868384
0.04,2115.0,35,30.0,0.05493859417697823,0.022,0,61.18745367387607,Wind Offshore,162.72512668430895
0.1,4721.4776356951015,30,25.0,0.1046596685805198,0.0269,0,273.61907551709163,Wind Offshore,621.1560329623837
0.1,4721.4776356951015,30,30.0,0.1007752858400022,0.0269,0,265.45685212090217,Wind Offshore,602.8160067245499
0.1,4721.4776356951015,35,25.0,0.1046596685805198,0.0269,0,234.53063615750713,Wind Offshore,621.1560329623837
0.1,4721.4776356951015,35,30.0,0.1007752858400022,0.0269,0,227.53444467505904,Wind Offshore,602.8160067245499
0.1,4721.4776356951015,45,25.0,0.1046596685805198,0.0269,0,182.41271701139442,Wind Offshore,621.1560329623837
0.1,4721.4776356951015,45,30.0,0.1007752858400022,0.0269,0,176.97123474726814,Wind Offshore,602.8160067245499
0.1,3418.2388178475508,25,25.0,0.1046596685805198,0.0269,0,237.7125342706543,Wind Offshore,449.70236600509156
0.1,3418.2388178475508,25,30.0,0.1007752858400022,0.0269,0,230.62142483274445,Wind Offshore,436.4246181380773
0.1,3418.2388178475508,30,25.0,0.1046596685805198,0.0269,0,198.09377855887857,Wind Offshore,449.70236600509156
0.1,3418.2388178475508,30,30.0,0.1007752858400022,0.0269,0,192.18452069395371,Wind Offshore,436.4246181380773
0.1,3418.2388178475508,35,25.0,0.1046596685805198,0.0269,0,169.79466733618165,Wind Offshore,449.70236600509156
0.1,3418.2388178475508,35,30.0,0.1007752858400022,0.0269,0,164.72958916624606,Wind Offshore,436.4246181380773
0.1,2115.0,25,25.0,0.1046596685805198,0.0269,0,147.0821779207986,Wind Offshore,278.2486990477994
0.1,2115.0,25,30.0,0.1007752858400022,0.0269,0,142.69462712040627,Wind Offshore,270.0332295516047
0.1,2115.0,30,25.0,0.1046596685805198,0.0269,0,122.5684816006655,Wind Offshore,278.2486990477994
0.1,2115.0,30,30.0,0.1007752858400022,0.0269,0,118.9121892670052,Wind Offshore,270.0332295516047
0.1,2115.0,35,25.0,0.1046596685805198,0.0269,0,105.05869851485616,Wind Offshore,278.2486990477994
0.1,2115.0,35,30.0,0.1007752858400022,0.0269,0,101.92473365743304,Wind Offshore,270.0332295516047
0.06,4721.4776356951015,30,25.0,0.07431538230166025,0.0269,0,209.85686155643174,Wind Offshore,477.8861639256187
0.06,4721.4776356951015,30,30.0,0.06901646591554483,0.0269,0,198.72228955608358,Wind Offshore,452.8674487151564
0.06,4721.4776356951015,35,25.0,0.07431538230166025,0.0269,0,179.87730990551293,Wind Offshore,477.8861639256187
0.06,4721.4776356951015,35,30.0,0.06901646591554483,0.0269,0,170.33339104807166,Wind Offshore,452.8674487151564
0.06,4721.4776356951015,45,25.0,0.07431538230166025,0.0269,0,139.90457437095452,Wind Offshore,477.8861639256187
0.06,4721.4776356951015,45,30.0,0.06901646591554483,0.0269,0,132.4815263707224,Wind Offshore,452.8674487151564
0.06,3418.2388178475508,25,25.0,0.07431538230166025,0.0269,0,182.31772145414303,Wind Offshore,345.9783487468151
0.06,3418.2388178475508,25,30.0,0.06901646591554483,0.0269,0,172.64431939611842,Wind Offshore,327.86538706326684
0.06,3418.2388178475508,30,25.0,0.07431538230166025,0.0269,0,151.93143454511917,Wind Offshore,345.9783487468151
0.06,3418.2388178475508,30,30.0,0.06901646591554483,0.0269,0,143.870266163432,Wind Offshore,327.86538706326684
0.06,3418.2388178475508,35,25.0,0.07431538230166025,0.0269,0,130.22694389581645,Wind Offshore,345.9783487468151
0.06,3418.2388178475508,35,30.0,0.06901646591554483,0.0269,0,123.31737099722744,Wind Offshore,327.86538706326684
0.06,2115.0,25,25.0,0.07431538230166025,0.0269,0,112.80720904056794,Wind Offshore,214.07053356801146
0.06,2115.0,25,30.0,0.06901646591554483,0.0269,0,106.82189132493649,Wind Offshore,202.86332541137733
0.06,2115.0,30,25.0,0.07431538230166025,0.0269,0,94.00600753380661,Wind Offshore,214.07053356801146
0.06,2115.0,30,30.0,0.06901646591554483,0.0269,0,89.01824277078039,Wind Offshore,202.86332541137733
0.06,2115.0,35,25.0,0.07431538230166025,0.0269,0,80.57657788611996,Wind Offshore,214.07053356801146
0.06,2115.0,35,30.0,0.06901646591554483,0.0269,0,76.30135094638321,Wind Offshore,202.86332541137733
0.04,4721.4776356951015,30,25.0,0.06081136464713184,0.0269,0,181.48097374995376,Wind Offshore,414.12724657773094
0.04,4721.4776356951015,30,30.0,0.05493859417697823,0.0269,0,169.14056660316706,Wind Offshore,386.3990921433301
0.04,4721.4776356951015,35,25.0,0.06081136464713184,0.0269,0,155.55512035710325,Wind Offshore,414.12724657773094
0.04,4721.4776356951015,35,30.0,0.05493859417697823,0.0269,0,144.97762851700037,Wind Offshore,386.3990921433301
0.04,4721.4776356951015,45,25.0,0.06081136464713184,0.0269,0,120.98731583330252,Wind Offshore,414.12724657773094
0.04,4721.4776356951015,45,30.0,0.05493859417697823,0.0269,0,112.76037773544472,Wind Offshore,386.3990921433301
0.04,3418.2388178475508,25,25.0,0.06081136464713184,0.0269,0,157.6655505851705,Wind Offshore,299.8183914032074
0.04,3418.2388178475508,25,30.0,0.05493859417697823,0.0269,0,146.94455296740347,Wind Offshore,279.7438594138195
0.04,3418.2388178475508,30,25.0,0.06081136464713184,0.0269,0,131.3879588209754,Wind Offshore,299.8183914032074
0.04,3418.2388178475508,30,30.0,0.05493859417697823,0.0269,0,122.45379413950288,Wind Offshore,279.7438594138195
0.04,3418.2388178475508,35,25.0,0.06081136464713184,0.0269,0,112.61825041797893,Wind Offshore,299.8183914032074
0.04,3418.2388178475508,35,30.0,0.05493859417697823,0.0269,0,104.96039497671676,Wind Offshore,279.7438594138195
0.04,2115.0,25,25.0,0.06081136464713184,0.0269,0,97.55393267039646,Wind Offshore,185.50953622868383
0.04,2115.0,25,30.0,0.05493859417697823,0.0269,0,90.92042601100643,Wind Offshore,173.08862668430896
0.04,2115.0,30,25.0,0.06081136464713184,0.0269,0,81.29494389199705,Wind Offshore,185.50953622868383
0.04,2115.0,30,30.0,0.05493859417697823,0.0269,0,75.76702167583868,Wind Offshore,173.08862668430896
0.04,2115.0,35,25.0,0.06081136464713184,0.0269,0,69.68138047885462,Wind Offshore,185.50953622868383
0.04,2115.0,35,30.0,0.05493859417697823,0.0269,0,64.94316143643316,Wind Offshore,173.08862668430896
